v -0.15 -0.23 0.05
v -0.15 -0.23 0.05
v -0.15 -0.23 0.05
v -0.15 -0.23 0.05
v -0.15 -0.23 0.05
v -0.15 -0.23 0.05
v -0.15 -0.23 0.05
v -0.15 -0.23 0.05
v -0.15 -0.23 0.05
v -0.15 -0.23 0.05
v -0.15 -0.23 0.05
v -0.15 -0.23 0.05
v -0.15 -0.23 0.15
v -0.1 -0.23 0.1366
v -0.0634 -0.23 0.1
v -0.05 -0.23 0.05
v -0.0634 -0.23 0
v -0.1 -0.23 -0.0366
v -0.15 -0.23 -0.05
v -0.2 -0.23 -0.0366
v -0.2366 -0.23 0
v -0.25 -0.23 0.05
v -0.2366 -0.23 0.1
v -0.2 -0.23 0.1366
v -0.15 -0.22 0.2
v -0.075 -0.22 0.1799
v -0.0201 -0.22 0.125
v 0 -0.22 0.05
v -0.0201 -0.22 -0.025
v -0.075 -0.22 -0.0799
v -0.15 -0.22 -0.1
v -0.225 -0.22 -0.0799
v -0.2799 -0.22 -0.025
v -0.3 -0.22 0.05
v -0.2799 -0.22 0.125
v -0.225 -0.22 0.1799
v -0.15 -0.2 0.2
v -0.075 -0.2 0.1799
v -0.0201 -0.2 0.125
v 0 -0.2 0.05
v -0.0201 -0.2 -0.025
v -0.075 -0.2 -0.0799
v -0.15 -0.2 -0.1
v -0.225 -0.2 -0.0799
v -0.2799 -0.2 -0.025
v -0.3 -0.2 0.05
v -0.2799 -0.2 0.125
v -0.225 -0.2 0.1799
v -0.15 -0.2 0.17
v -0.09 -0.2 0.15392
v -0.04608 -0.2 0.11
v -0.03 -0.2 0.05
v -0.04608 -0.2 -0.01
v -0.09 -0.2 -0.05392
v -0.15 -0.2 -0.07
v -0.21 -0.2 -0.05392
v -0.25392 -0.2 -0.01
v -0.27 -0.2 0.05
v -0.25392 -0.2 0.11
v -0.21 -0.2 0.15392
v -0.15 -0.075 0.17
v -0.09 -0.075 0.15392
v -0.04608 -0.075 0.11
v -0.03 -0.075 0.05
v -0.04608 -0.075 -0.01
v -0.09 -0.075 -0.05392
v -0.15 -0.075 -0.07
v -0.21 -0.075 -0.05392
v -0.25392 -0.075 -0.01
v -0.27 -0.075 0.05
v -0.25392 -0.075 0.11
v -0.21 -0.075 0.15392
v -0.15 -0.075 0.2
v -0.075 -0.075 0.1799
v -0.0201 -0.075 0.125
v 0 -0.075 0.05
v -0.0201 -0.075 -0.025
v -0.075 -0.075 -0.0799
v -0.15 -0.075 -0.1
v -0.225 -0.075 -0.0799
v -0.2799 -0.075 -0.025
v -0.3 -0.075 0.05
v -0.2799 -0.075 0.125
v -0.225 -0.075 0.1799
v -0.15 -0.055 0.2
v -0.075 -0.055 0.1799
v -0.0201 -0.055 0.125
v 0 -0.055 0.05
v -0.0201 -0.055 -0.025
v -0.075 -0.055 -0.0799
v -0.15 -0.055 -0.1
v -0.225 -0.055 -0.0799
v -0.2799 -0.055 -0.025
v -0.3 -0.055 0.05
v -0.2799 -0.055 0.125
v -0.225 -0.055 0.1799
v -0.15 -0.055 0.17
v -0.09 -0.055 0.15392
v -0.04608 -0.055 0.11
v -0.03 -0.055 0.05
v -0.04608 -0.055 -0.01
v -0.09 -0.055 -0.05392
v -0.15 -0.055 -0.07
v -0.21 -0.055 -0.05392
v -0.25392 -0.055 -0.01
v -0.27 -0.055 0.05
v -0.25392 -0.055 0.11
v -0.21 -0.055 0.15392
v -0.15 0.055 0.17
v -0.09 0.055 0.15392
v -0.04608 0.055 0.11
v -0.03 0.055 0.05
v -0.04608 0.055 -0.01
v -0.09 0.055 -0.05392
v -0.15 0.055 -0.07
v -0.21 0.055 -0.05392
v -0.25392 0.055 -0.01
v -0.27 0.055 0.05
v -0.25392 0.055 0.11
v -0.21 0.055 0.15392
v -0.15 0.055 0.2
v -0.075 0.055 0.1799
v -0.0201 0.055 0.125
v 0 0.055 0.05
v -0.0201 0.055 -0.025
v -0.075 0.055 -0.0799
v -0.15 0.055 -0.1
v -0.225 0.055 -0.0799
v -0.2799 0.055 -0.025
v -0.3 0.055 0.05
v -0.2799 0.055 0.125
v -0.225 0.055 0.1799
v -0.15 0.075 0.2
v -0.075 0.075 0.1799
v -0.0201 0.075 0.125
v 0 0.075 0.05
v -0.0201 0.075 -0.025
v -0.075 0.075 -0.0799
v -0.15 0.075 -0.1
v -0.225 0.075 -0.0799
v -0.2799 0.075 -0.025
v -0.3 0.075 0.05
v -0.2799 0.075 0.125
v -0.225 0.075 0.1799
v -0.15 0.075 0.17
v -0.09 0.075 0.15392
v -0.04608 0.075 0.11
v -0.03 0.075 0.05
v -0.04608 0.075 -0.01
v -0.09 0.075 -0.05392
v -0.15 0.075 -0.07
v -0.21 0.075 -0.05392
v -0.25392 0.075 -0.01
v -0.27 0.075 0.05
v -0.25392 0.075 0.11
v -0.21 0.075 0.15392
v -0.15 0.2 0.17
v -0.09 0.2 0.15392
v -0.04608 0.2 0.11
v -0.03 0.2 0.05
v -0.04608 0.2 -0.01
v -0.09 0.2 -0.05392
v -0.15 0.2 -0.07
v -0.21 0.2 -0.05392
v -0.25392 0.2 -0.01
v -0.27 0.2 0.05
v -0.25392 0.2 0.11
v -0.21 0.2 0.15392
v -0.15 0.2 0.2
v -0.075 0.2 0.1799
v -0.0201 0.2 0.125
v 0 0.2 0.05
v -0.0201 0.2 -0.025
v -0.075 0.2 -0.0799
v -0.15 0.2 -0.1
v -0.225 0.2 -0.0799
v -0.2799 0.2 -0.025
v -0.3 0.2 0.05
v -0.2799 0.2 0.125
v -0.225 0.2 0.1799
v -0.15 0.22 0.2
v -0.075 0.22 0.1799
v -0.0201 0.22 0.125
v 0 0.22 0.05
v -0.0201 0.22 -0.025
v -0.075 0.22 -0.0799
v -0.15 0.22 -0.1
v -0.225 0.22 -0.0799
v -0.2799 0.22 -0.025
v -0.3 0.22 0.05
v -0.2799 0.22 0.125
v -0.225 0.22 0.1799
v -0.15 0.23 0.15
v -0.1 0.23 0.1366
v -0.0634 0.23 0.1
v -0.05 0.23 0.05
v -0.0634 0.23 0
v -0.1 0.23 -0.0366
v -0.15 0.23 -0.05
v -0.2 0.23 -0.0366
v -0.2366 0.23 0
v -0.25 0.23 0.05
v -0.2366 0.23 0.1
v -0.2 0.23 0.1366
v -0.15 0.23 0.05
v -0.15 0.23 0.05
v -0.15 0.23 0.05
v -0.15 0.23 0.05
v -0.15 0.23 0.05
v -0.15 0.23 0.05
v -0.15 0.23 0.05
v -0.15 0.23 0.05
v -0.15 0.23 0.05
v -0.15 0.23 0.05
v -0.15 0.23 0.05
v -0.15 0.23 0.05
v 0 0 -0.16
v 0 0 -0.16
v 0 0 -0.16
v 0 0 -0.16
v 0 0 -0.16
v 0 0 -0.16
v 0 0 -0.16
v 0 0 -0.16
v 0 0 -0.16
v 0 0 -0.16
v 0 0 -0.16
v 0 0 -0.16
v -0.15 0 -0.16
v -0.1299 -0.075 -0.16
v -0.075 -0.1299 -0.16
v 0 -0.15 -0.16
v 0.075 -0.1299 -0.16
v 0.1299 -0.075 -0.16
v 0.15 0 -0.16
v 0.1299 0.075 -0.16
v 0.075 0.1299 -0.16
v 0 0.15 -0.16
v -0.075 0.1299 -0.16
v -0.1299 0.075 -0.16
v -0.225 0 -0.16
v -0.19486 -0.1125 -0.16
v -0.1125 -0.19486 -0.16
v 0 -0.225 -0.16
v 0.1125 -0.19486 -0.16
v 0.19486 -0.1125 -0.16
v 0.225 0 -0.16
v 0.19486 0.1125 -0.16
v 0.1125 0.19486 -0.16
v 0 0.225 -0.16
v -0.1125 0.19486 -0.16
v -0.19486 0.1125 -0.16
v -0.225 0 -0.15
v -0.19486 -0.1125 -0.15
v -0.1125 -0.19486 -0.15
v 0 -0.225 -0.15
v 0.1125 -0.19486 -0.15
v 0.19486 -0.1125 -0.15
v 0.225 0 -0.15
v 0.19486 0.1125 -0.15
v 0.1125 0.19486 -0.15
v 0 0.225 -0.15
v -0.1125 0.19486 -0.15
v -0.19486 0.1125 -0.15
v -0.18 0 -0.15
v -0.15588 -0.09 -0.15
v -0.09 -0.15588 -0.15
v 0 -0.18 -0.15
v 0.09 -0.15588 -0.15
v 0.15588 -0.09 -0.15
v 0.18 0 -0.15
v 0.15588 0.09 -0.15
v 0.09 0.15588 -0.15
v 0 0.18 -0.15
v -0.09 0.15588 -0.15
v -0.15588 0.09 -0.15
v -0.18 0 -0.135
v -0.15588 -0.09 -0.135
v -0.09 -0.15588 -0.135
v 0 -0.18 -0.135
v 0.09 -0.15588 -0.135
v 0.15588 -0.09 -0.135
v 0.18 0 -0.135
v 0.15588 0.09 -0.135
v 0.09 0.15588 -0.135
v 0 0.18 -0.135
v -0.09 0.15588 -0.135
v -0.15588 0.09 -0.135
v -0.225 0 -0.135
v -0.19486 -0.1125 -0.135
v -0.1125 -0.19486 -0.135
v 0 -0.225 -0.135
v 0.1125 -0.19486 -0.135
v 0.19486 -0.1125 -0.135
v 0.225 0 -0.135
v 0.19486 0.1125 -0.135
v 0.1125 0.19486 -0.135
v 0 0.225 -0.135
v -0.1125 0.19486 -0.135
v -0.19486 0.1125 -0.135
v -0.225 0 -0.125
v -0.19486 -0.1125 -0.125
v -0.1125 -0.19486 -0.125
v 0 -0.225 -0.125
v 0.1125 -0.19486 -0.125
v 0.19486 -0.1125 -0.125
v 0.225 0 -0.125
v 0.19486 0.1125 -0.125
v 0.1125 0.19486 -0.125
v 0 0.225 -0.125
v -0.1125 0.19486 -0.125
v -0.19486 0.1125 -0.125
v -0.21 0 -0.125
v -0.18187 -0.105 -0.125
v -0.105 -0.18187 -0.125
v 0 -0.21 -0.125
v 0.105 -0.18187 -0.125
v 0.18187 -0.105 -0.125
v 0.21 0 -0.125
v 0.18187 0.105 -0.125
v 0.105 0.18187 -0.125
v 0 0.21 -0.125
v -0.105 0.18187 -0.125
v -0.18187 0.105 -0.125
v -0.21 0 -0.075
v -0.18187 -0.105 -0.075
v -0.105 -0.18187 -0.075
v 0 -0.21 -0.075
v 0.105 -0.18187 -0.075
v 0.18187 -0.105 -0.075
v 0.21 0 -0.075
v 0.18187 0.105 -0.075
v 0.105 0.18187 -0.075
v 0 0.21 -0.075
v -0.105 0.18187 -0.075
v -0.18187 0.105 -0.075
v -0.225 0 -0.075
v -0.19486 -0.1125 -0.075
v -0.1125 -0.19486 -0.075
v 0 -0.225 -0.075
v 0.1125 -0.19486 -0.075
v 0.19486 -0.1125 -0.075
v 0.225 0 -0.075
v 0.19486 0.1125 -0.075
v 0.1125 0.19486 -0.075
v 0 0.225 -0.075
v -0.1125 0.19486 -0.075
v -0.19486 0.1125 -0.075
v -0.225 0 -0.065
v -0.19486 -0.1125 -0.065
v -0.1125 -0.19486 -0.065
v 0 -0.225 -0.065
v 0.1125 -0.19486 -0.065
v 0.19486 -0.1125 -0.065
v 0.225 0 -0.065
v 0.19486 0.1125 -0.065
v 0.1125 0.19486 -0.065
v 0 0.225 -0.065
v -0.1125 0.19486 -0.065
v -0.19486 0.1125 -0.065
v -0.18 0 -0.065
v -0.15588 -0.09 -0.065
v -0.09 -0.15588 -0.065
v 0 -0.18 -0.065
v 0.09 -0.15588 -0.065
v 0.15588 -0.09 -0.065
v 0.18 0 -0.065
v 0.15588 0.09 -0.065
v 0.09 0.15588 -0.065
v 0 0.18 -0.065
v -0.09 0.15588 -0.065
v -0.15588 0.09 -0.065
v -0.18 0 -0.05
v -0.15588 -0.09 -0.05
v -0.09 -0.15588 -0.05
v 0 -0.18 -0.05
v 0.09 -0.15588 -0.05
v 0.15588 -0.09 -0.05
v 0.18 0 -0.05
v 0.15588 0.09 -0.05
v 0.09 0.15588 -0.05
v 0 0.18 -0.05
v -0.09 0.15588 -0.05
v -0.15588 0.09 -0.05
v -0.225 0 -0.05
v -0.19486 -0.1125 -0.05
v -0.1125 -0.19486 -0.05
v 0 -0.225 -0.05
v 0.1125 -0.19486 -0.05
v 0.19486 -0.1125 -0.05
v 0.225 0 -0.05
v 0.19486 0.1125 -0.05
v 0.1125 0.19486 -0.05
v 0 0.225 -0.05
v -0.1125 0.19486 -0.05
v -0.19486 0.1125 -0.05
v -0.225 0 -0.04
v -0.19486 -0.1125 -0.04
v -0.1125 -0.19486 -0.04
v 0 -0.225 -0.04
v 0.1125 -0.19486 -0.04
v 0.19486 -0.1125 -0.04
v 0.225 0 -0.04
v 0.19486 0.1125 -0.04
v 0.1125 0.19486 -0.04
v 0 0.225 -0.04
v -0.1125 0.19486 -0.04
v -0.19486 0.1125 -0.04
v -0.15 0 -0.04
v -0.1299 -0.075 -0.04
v -0.075 -0.1299 -0.04
v 0 -0.15 -0.04
v 0.075 -0.1299 -0.04
v 0.1299 -0.075 -0.04
v 0.15 0 -0.04
v 0.1299 0.075 -0.04
v 0.075 0.1299 -0.04
v 0 0.15 -0.04
v -0.075 0.1299 -0.04
v -0.1299 0.075 -0.04
v 0 0 -0.04
v 0 0 -0.04
v 0 0 -0.04
v 0 0 -0.04
v 0 0 -0.04
v 0 0 -0.04
v 0 0 -0.04
v 0 0 -0.04
v 0 0 -0.04
v 0 0 -0.04
v 0 0 -0.04
v 0 0 -0.04
v -0.08 0 0.0175
v -0.08 0 0.0175
v -0.08 0 0.0175
v -0.08 0 0.0175
v -0.08 -0.24749 0.18392
v -0.08 -0.24749 -0.09892
v -0.08 0.24749 -0.09892
v -0.08 0.24749 0.18392
v 0.275 -0.24749 0.18392
v 0.275 -0.24749 -0.09892
v 0.275 0.24749 -0.09892
v 0.275 0.24749 0.18392
v 0.4 -0.17678 0.12357
v 0.4 -0.17678 -0.08857
v 0.4 0.17678 -0.08857
v 0.4 0.17678 0.12357
v 0.4 0 0.0175
v 0.4 0 0.0175
v 0.4 0 0.0175
v 0.4 0 0.0175
v -0.1 0 0.0275
v -0.1 0 0.0275
v -0.1 0 0.0275
v -0.1 0 0.0275
v -0.1 -0.10607 0.22928
v -0.1 -0.10607 -0.12428
v -0.1 0.10607 -0.12428
v -0.1 0.10607 0.22928
v 0.275 -0.10607 0.22928
v 0.275 -0.10607 -0.12428
v 0.275 0.10607 -0.12428
v 0.275 0.10607 0.22928
v 0.42 -0.10607 0.16892
v 0.42 -0.10607 -0.11392
v 0.42 0.10607 -0.11392
v 0.42 0.10607 0.16892
v 0.42 0 0.0275
v 0.42 0 0.0275
v 0.42 0 0.0275
v 0.42 0 0.0275
v -0.03 -0.4 0.05
v -0.03 -0.4 0.05
v -0.03 -0.4 0.05
v -0.03 -0.4 0.05
v 0.21749 -0.4 0.15607
v 0.21749 -0.4 -0.05607
v -0.27749 -0.4 -0.05607
v -0.27749 -0.4 0.15607
v 0.28284 -0.35 0.19142
v 0.28284 -0.35 -0.09142
v -0.28284 -0.35 -0.09142
v -0.28284 -0.35 0.19142
v 0.28284 -0.23 0.19142
v 0.28284 -0.23 -0.09142
v -0.28284 -0.23 -0.09142
v -0.28284 -0.23 0.19142
v 0 -0.23 0.05
v 0 -0.23 0.05
v 0 -0.23 0.05
v 0 -0.23 0.05
v 0 0.23 0.05
v 0 0.23 0.05
v 0 0.23 0.05
v 0 0.23 0.05
v 0.28284 0.23 0.19142
v 0.28284 0.23 -0.09142
v -0.28284 0.23 -0.09142
v -0.28284 0.23 0.19142
v 0.28284 0.35 0.19142
v 0.28284 0.35 -0.09142
v -0.28284 0.35 -0.09142
v -0.28284 0.35 0.19142
v 0.21749 0.4 0.15607
v 0.21749 0.4 -0.05607
v -0.27749 0.4 -0.05607
v -0.27749 0.4 0.15607
v -0.03 0.4 0.05
v -0.03 0.4 0.05
v -0.03 0.4 0.05
v -0.03 0.4 0.05
v -0.02646 -0.365 0.05
v -0.02646 -0.365 0.05
v -0.03354 -0.365 0.05
v -0.03354 -0.365 0.05
v 0.22102 -0.365 0.12071
v 0.22102 -0.365 -0.02071
v -0.28102 -0.365 -0.02071
v -0.28102 -0.365 0.12071
v 0.28638 -0.32 0.15607
v 0.28638 -0.32 -0.05607
v -0.28638 -0.32 -0.05607
v -0.28638 -0.32 0.15607
v 0.28638 -0.27 0.15607
v 0.28638 -0.27 -0.05607
v -0.28638 -0.27 -0.05607
v -0.28638 -0.27 0.15607
v 0.00354 -0.27 0.05
v 0.00354 -0.27 0.05
v -0.00354 -0.27 0.05
v -0.00354 -0.27 0.05
v 0.00354 0.27 0.05
v 0.00354 0.27 0.05
v -0.00354 0.27 0.05
v -0.00354 0.27 0.05
v 0.28638 0.27 0.15607
v 0.28638 0.27 -0.05607
v -0.28638 0.27 -0.05607
v -0.28638 0.27 0.15607
v 0.28638 0.32 0.15607
v 0.28638 0.32 -0.05607
v -0.28638 0.32 -0.05607
v -0.28638 0.32 0.15607
v 0.22102 0.365 0.12071
v 0.22102 0.365 -0.02071
v -0.28102 0.365 -0.02071
v -0.28102 0.365 0.12071
v -0.02646 0.365 0.05
v -0.02646 0.365 0.05
v -0.03354 0.365 0.05
v -0.03354 0.365 0.05
v -0.2 -0.41 0.05
v -0.2 -0.41 0.05
v -0.2 -0.41 0.05
v -0.2 -0.41 0.05
v -0.18232 -0.41 0.08536
v -0.18232 -0.41 0.01464
v -0.21768 -0.41 0.01464
v -0.21768 -0.41 0.08536
v -0.18232 0.41 0.08536
v -0.18232 0.41 0.01464
v -0.21768 0.41 0.01464
v -0.21768 0.41 0.08536
v -0.2 0.41 0.05
v -0.2 0.41 0.05
v -0.2 0.41 0.05
v -0.2 0.41 0.05
v -0.15 -0.41 0.05
v -0.15 -0.41 0.05
v -0.15 -0.41 0.05
v -0.15 -0.41 0.05
v -0.13232 -0.41 0.08536
v -0.13232 -0.41 0.01464
v -0.16768 -0.41 0.01464
v -0.16768 -0.41 0.08536
v -0.13232 0.41 0.08536
v -0.13232 0.41 0.01464
v -0.16768 0.41 0.01464
v -0.16768 0.41 0.08536
v -0.15 0.41 0.05
v -0.15 0.41 0.05
v -0.15 0.41 0.05
v -0.15 0.41 0.05
v -0.02 -0.41 0.05
v -0.02 -0.41 0.05
v -0.02 -0.41 0.05
v -0.02 -0.41 0.05
v -0.00232 -0.41 0.08536
v -0.00232 -0.41 0.01464
v -0.03768 -0.41 0.01464
v -0.03768 -0.41 0.08536
v -0.00232 0.41 0.08536
v -0.00232 0.41 0.01464
v -0.03768 0.41 0.01464
v -0.03768 0.41 0.08536
v -0.02 0.41 0.05
v -0.02 0.41 0.05
v -0.02 0.41 0.05
v -0.02 0.41 0.05
v 0.03 -0.41 0.05
v 0.03 -0.41 0.05
v 0.03 -0.41 0.05
v 0.03 -0.41 0.05
v 0.04768 -0.41 0.08536
v 0.04768 -0.41 0.01464
v 0.01232 -0.41 0.01464
v 0.01232 -0.41 0.08536
v 0.04768 0.41 0.08536
v 0.04768 0.41 0.01464
v 0.01232 0.41 0.01464
v 0.01232 0.41 0.08536
v 0.03 0.41 0.05
v 0.03 0.41 0.05
v 0.03 0.41 0.05
v 0.03 0.41 0.05
v 0.1 -0.41 0.05
v 0.1 -0.41 0.05
v 0.1 -0.41 0.05
v 0.1 -0.41 0.05
v 0.13536 -0.41 0.08536
v 0.13536 -0.41 0.01464
v 0.06464 -0.41 0.01464
v 0.06464 -0.41 0.08536
v 0.13536 0.41 0.08536
v 0.13536 0.41 0.01464
v 0.06464 0.41 0.01464
v 0.06464 0.41 0.08536
v 0.1 0.41 0.05
v 0.1 0.41 0.05
v 0.1 0.41 0.05
v 0.1 0.41 0.05
v -0.06536 -0.345 0.05
v -0.06536 -0.345 0.05
v 0.00536 -0.345 0.05
v 0.00536 -0.345 0.05
v 0.18213 -0.345 0.16667
v 0.18213 -0.345 -0.06667
v -0.24213 -0.345 -0.06667
v -0.24213 -0.345 0.16667
v 0.24749 -0.32 0.20556
v 0.24749 -0.32 -0.10556
v -0.24749 -0.32 -0.10556
v -0.24749 -0.32 0.20556
v 0.24749 -0.3 0.20556
v 0.24749 -0.3 -0.10556
v -0.24749 -0.3 -0.10556
v -0.24749 -0.3 0.20556
v -0.03536 -0.3 0.05
v -0.03536 -0.3 0.05
v 0.03536 -0.3 0.05
v 0.03536 -0.3 0.05
v -0.03536 0.3 0.05
v -0.03536 0.3 0.05
v 0.03536 0.3 0.05
v 0.03536 0.3 0.05
v 0.24749 0.3 0.20556
v 0.24749 0.3 -0.10556
v -0.24749 0.3 -0.10556
v -0.24749 0.3 0.20556
v 0.24749 0.32 0.20556
v 0.24749 0.32 -0.10556
v -0.24749 0.32 -0.10556
v -0.24749 0.32 0.20556
v 0.18213 0.345 0.16667
v 0.18213 0.345 -0.06667
v -0.24213 0.345 -0.06667
v -0.24213 0.345 0.16667
v -0.06536 0.345 0.05
v -0.06536 0.345 0.05
v 0.00536 0.345 0.05
v 0.00536 0.345 0.05
v -0.06536 -0.295 0.05
v -0.06536 -0.295 0.05
v 0.00536 -0.295 0.05
v 0.00536 -0.295 0.05
v 0.18213 -0.295 0.16667
v 0.18213 -0.295 -0.06667
v -0.24213 -0.295 -0.06667
v -0.24213 -0.295 0.16667
v 0.24749 -0.27 0.20556
v 0.24749 -0.27 -0.10556
v -0.24749 -0.27 -0.10556
v -0.24749 -0.27 0.20556
v 0.24749 -0.25 0.20556
v 0.24749 -0.25 -0.10556
v -0.24749 -0.25 -0.10556
v -0.24749 -0.25 0.20556
v -0.03536 -0.25 0.05
v -0.03536 -0.25 0.05
v 0.03536 -0.25 0.05
v 0.03536 -0.25 0.05
v -0.03536 0.25 0.05
v -0.03536 0.25 0.05
v 0.03536 0.25 0.05
v 0.03536 0.25 0.05
v 0.24749 0.25 0.20556
v 0.24749 0.25 -0.10556
v -0.24749 0.25 -0.10556
v -0.24749 0.25 0.20556
v 0.24749 0.27 0.20556
v 0.24749 0.27 -0.10556
v -0.24749 0.27 -0.10556
v -0.24749 0.27 0.20556
v 0.18213 0.295 0.16667
v 0.18213 0.295 -0.06667
v -0.24213 0.295 -0.06667
v -0.24213 0.295 0.16667
v -0.06536 0.295 0.05
v -0.06536 0.295 0.05
v 0.00536 0.295 0.05
v 0.00536 0.295 0.05
v 0.245 -0.08 0.06
v 0.245 -0.08 0.06
v 0.245 -0.08 0.06
v 0.245 -0.08 0.06
v 0.245 -0.08 0.06
v 0.26621 -0.08 0.23678
v 0.26621 -0.08 0.23678
v 0.26621 -0.08 -0.11678
v 0.22379 -0.08 -0.11678
v 0.22379 -0.08 0.23678
v 0.26621 0.08 0.23678
v 0.26621 0.08 0.23678
v 0.26621 0.08 -0.11678
v 0.22379 0.08 -0.11678
v 0.22379 0.08 0.23678
v 0.245 0.08 0.06
v 0.245 0.08 0.06
v 0.245 0.08 0.06
v 0.245 0.08 0.06
v 0.245 0.08 0.06
v 0.18 -0.08 0.06
v 0.18 -0.08 0.06
v 0.18 -0.08 0.06
v 0.18 -0.08 0.06
v 0.18 -0.08 0.06
v 0.20121 -0.08 0.23678
v 0.20121 -0.08 0.23678
v 0.20121 -0.08 -0.11678
v 0.15879 -0.08 -0.11678
v 0.15879 -0.08 0.23678
v 0.20121 0.08 0.23678
v 0.20121 0.08 0.23678
v 0.20121 0.08 -0.11678
v 0.15879 0.08 -0.11678
v 0.15879 0.08 0.23678
v 0.18 0.08 0.06
v 0.18 0.08 0.06
v 0.18 0.08 0.06
v 0.18 0.08 0.06
v 0.18 0.08 0.06
v 0.115 -0.08 0.06
v 0.115 -0.08 0.06
v 0.115 -0.08 0.06
v 0.115 -0.08 0.06
v 0.115 -0.08 0.06
v 0.13621 -0.08 0.23678
v 0.13621 -0.08 0.23678
v 0.13621 -0.08 -0.11678
v 0.09379 -0.08 -0.11678
v 0.09379 -0.08 0.23678
v 0.13621 0.08 0.23678
v 0.13621 0.08 0.23678
v 0.13621 0.08 -0.11678
v 0.09379 0.08 -0.11678
v 0.09379 0.08 0.23678
v 0.115 0.08 0.06
v 0.115 0.08 0.06
v 0.115 0.08 0.06
v 0.115 0.08 0.06
v 0.115 0.08 0.06
v 0.05 -0.08 0.06
v 0.05 -0.08 0.06
v 0.05 -0.08 0.06
v 0.05 -0.08 0.06
v 0.05 -0.08 0.06
v 0.07121 -0.08 0.23678
v 0.07121 -0.08 0.23678
v 0.07121 -0.08 -0.11678
v 0.02879 -0.08 -0.11678
v 0.02879 -0.08 0.23678
v 0.07121 0.08 0.23678
v 0.07121 0.08 0.23678
v 0.07121 0.08 -0.11678
v 0.02879 0.08 -0.11678
v 0.02879 0.08 0.23678
v 0.05 0.08 0.06
v 0.05 0.08 0.06
v 0.05 0.08 0.06
v 0.05 0.08 0.06
v 0.05 0.08 0.06
v -0.5 -0.14 0.05
v -0.5 -0.14 0.05
v -0.5 -0.14 0.05
v -0.5 -0.14 0.05
v -0.5 -0.14 0.05
v -0.5 -0.14 0.05
v -0.5 -0.14 0.05
v -0.5 -0.14 0.05
v -0.5 -0.14 0.05
v -0.5 -0.14 0.05
v -0.5 -0.14 0.05
v -0.5 -0.14 0.05
v -0.5 -0.14 0.06875
v -0.5 -0.14937 0.06624
v -0.5 -0.15624 0.05938
v -0.5 -0.15875 0.05
v -0.5 -0.15624 0.04063
v -0.5 -0.14937 0.03376
v -0.5 -0.14 0.03125
v -0.5 -0.13063 0.03376
v -0.5 -0.12376 0.04062
v -0.5 -0.12125 0.05
v -0.5 -0.12376 0.05938
v -0.5 -0.13062 0.06624
v -0.8125 -0.14 0.06875
v -0.8125 -0.14937 0.06624
v -0.8125 -0.15624 0.05938
v -0.8125 -0.15875 0.05
v -0.8125 -0.15624 0.04063
v -0.8125 -0.14937 0.03376
v -0.8125 -0.14 0.03125
v -0.8125 -0.13063 0.03376
v -0.8125 -0.12376 0.04062
v -0.8125 -0.12125 0.05
v -0.8125 -0.12376 0.05938
v -0.8125 -0.13062 0.06624
v -0.8125 -0.14 0.08125
v -0.8125 -0.15563 0.07706
v -0.8125 -0.16706 0.06563
v -0.8125 -0.17125 0.05
v -0.8125 -0.16706 0.03438
v -0.8125 -0.15563 0.02294
v -0.8125 -0.14 0.01875
v -0.8125 -0.12438 0.02294
v -0.8125 -0.11294 0.03437
v -0.8125 -0.10875 0.05
v -0.8125 -0.11294 0.06563
v -0.8125 -0.12437 0.07706
v -0.5625 -0.14 0.08438
v -0.5625 -0.15719 0.07977
v -0.5625 -0.16977 0.06719
v -0.5625 -0.17437 0.05
v -0.5625 -0.16977 0.03281
v -0.5625 -0.15719 0.02023
v -0.5625 -0.14 0.01563
v -0.5625 -0.12281 0.02023
v -0.5625 -0.11023 0.03281
v -0.5625 -0.10563 0.05
v -0.5625 -0.11023 0.06719
v -0.5625 -0.12281 0.07977
v -0.5625 -0.14 0.0875
v -0.5625 -0.15875 0.08248
v -0.5625 -0.17248 0.06875
v -0.5625 -0.1775 0.05
v -0.5625 -0.17248 0.03125
v -0.5625 -0.15875 0.01752
v -0.5625 -0.14 0.0125
v -0.5625 -0.12125 0.01752
v -0.5625 -0.10752 0.03125
v -0.5625 -0.1025 0.05
v -0.5625 -0.10752 0.06875
v -0.5625 -0.12125 0.08248
v -0.5 -0.14 0.0875
v -0.5 -0.15875 0.08248
v -0.5 -0.17248 0.06875
v -0.5 -0.1775 0.05
v -0.5 -0.17248 0.03125
v -0.5 -0.15875 0.01752
v -0.5 -0.14 0.0125
v -0.5 -0.12125 0.01752
v -0.5 -0.10752 0.03125
v -0.5 -0.1025 0.05
v -0.5 -0.10752 0.06875
v -0.5 -0.12125 0.08248
v -0.4375 -0.14 0.1
v -0.4375 -0.165 0.0933
v -0.4375 -0.1833 0.075
v -0.4375 -0.19 0.05
v -0.4375 -0.1833 0.025
v -0.4375 -0.165 0.0067
v -0.4375 -0.14 0
v -0.4375 -0.115 0.0067
v -0.4375 -0.0967 0.025
v -0.4375 -0.09 0.05
v -0.4375 -0.0967 0.075
v -0.4375 -0.115 0.0933
v -0.375 -0.14 0.1
v -0.375 -0.165 0.0933
v -0.375 -0.1833 0.075
v -0.375 -0.19 0.05
v -0.375 -0.1833 0.025
v -0.375 -0.165 0.0067
v -0.375 -0.14 0
v -0.375 -0.115 0.0067
v -0.375 -0.0967 0.025
v -0.375 -0.09 0.05
v -0.375 -0.0967 0.075
v -0.375 -0.115 0.0933
v -0.35 -0.14 0.1
v -0.35 -0.165 0.0933
v -0.35 -0.1833 0.075
v -0.35 -0.19 0.05
v -0.35 -0.1833 0.025
v -0.35 -0.165 0.0067
v -0.35 -0.14 0
v -0.35 -0.115 0.0067
v -0.35 -0.0967 0.025
v -0.35 -0.09 0.05
v -0.35 -0.0967 0.075
v -0.35 -0.115 0.0933
v -0.125 -0.14 0.1
v -0.125 -0.165 0.0933
v -0.125 -0.1833 0.075
v -0.125 -0.19 0.05
v -0.125 -0.1833 0.025
v -0.125 -0.165 0.0067
v -0.125 -0.14 0
v -0.125 -0.115 0.0067
v -0.125 -0.0967 0.025
v -0.125 -0.09 0.05
v -0.125 -0.0967 0.075
v -0.125 -0.115 0.0933
v -0.125 -0.14 0.05
v -0.125 -0.14 0.05
v -0.125 -0.14 0.05
v -0.125 -0.14 0.05
v -0.125 -0.14 0.05
v -0.125 -0.14 0.05
v -0.125 -0.14 0.05
v -0.125 -0.14 0.05
v -0.125 -0.14 0.05
v -0.125 -0.14 0.05
v -0.125 -0.14 0.05
v -0.125 -0.14 0.05
v -0.5 0 0.05
v -0.5 0 0.05
v -0.5 0 0.05
v -0.5 0 0.05
v -0.5 0 0.05
v -0.5 0 0.05
v -0.5 0 0.05
v -0.5 0 0.05
v -0.5 0 0.05
v -0.5 0 0.05
v -0.5 0 0.05
v -0.5 0 0.05
v -0.5 0 0.06875
v -0.5 -0.00937 0.06624
v -0.5 -0.01624 0.05938
v -0.5 -0.01875 0.05
v -0.5 -0.01624 0.04063
v -0.5 -0.00937 0.03376
v -0.5 0 0.03125
v -0.5 0.00938 0.03376
v -0.5 0.01624 0.04062
v -0.5 0.01875 0.05
v -0.5 0.01624 0.05938
v -0.5 0.00938 0.06624
v -0.8125 0 0.06875
v -0.8125 -0.00937 0.06624
v -0.8125 -0.01624 0.05938
v -0.8125 -0.01875 0.05
v -0.8125 -0.01624 0.04063
v -0.8125 -0.00937 0.03376
v -0.8125 0 0.03125
v -0.8125 0.00938 0.03376
v -0.8125 0.01624 0.04062
v -0.8125 0.01875 0.05
v -0.8125 0.01624 0.05938
v -0.8125 0.00938 0.06624
v -0.8125 0 0.08125
v -0.8125 -0.01562 0.07706
v -0.8125 -0.02706 0.06563
v -0.8125 -0.03125 0.05
v -0.8125 -0.02706 0.03438
v -0.8125 -0.01562 0.02294
v -0.8125 0 0.01875
v -0.8125 0.01563 0.02294
v -0.8125 0.02706 0.03437
v -0.8125 0.03125 0.05
v -0.8125 0.02706 0.06563
v -0.8125 0.01563 0.07706
v -0.5625 0 0.08438
v -0.5625 -0.01719 0.07977
v -0.5625 -0.02977 0.06719
v -0.5625 -0.03438 0.05
v -0.5625 -0.02977 0.03281
v -0.5625 -0.01719 0.02023
v -0.5625 0 0.01563
v -0.5625 0.01719 0.02023
v -0.5625 0.02977 0.03281
v -0.5625 0.03438 0.05
v -0.5625 0.02977 0.06719
v -0.5625 0.01719 0.07977
v -0.5625 0 0.0875
v -0.5625 -0.01875 0.08248
v -0.5625 -0.03248 0.06875
v -0.5625 -0.0375 0.05
v -0.5625 -0.03248 0.03125
v -0.5625 -0.01875 0.01752
v -0.5625 0 0.0125
v -0.5625 0.01875 0.01752
v -0.5625 0.03248 0.03125
v -0.5625 0.0375 0.05
v -0.5625 0.03248 0.06875
v -0.5625 0.01875 0.08248
v -0.5 0 0.0875
v -0.5 -0.01875 0.08248
v -0.5 -0.03248 0.06875
v -0.5 -0.0375 0.05
v -0.5 -0.03248 0.03125
v -0.5 -0.01875 0.01752
v -0.5 0 0.0125
v -0.5 0.01875 0.01752
v -0.5 0.03248 0.03125
v -0.5 0.0375 0.05
v -0.5 0.03248 0.06875
v -0.5 0.01875 0.08248
v -0.4375 0 0.1
v -0.4375 -0.025 0.0933
v -0.4375 -0.0433 0.075
v -0.4375 -0.05 0.05
v -0.4375 -0.0433 0.025
v -0.4375 -0.025 0.0067
v -0.4375 0 0
v -0.4375 0.025 0.0067
v -0.4375 0.0433 0.025
v -0.4375 0.05 0.05
v -0.4375 0.0433 0.075
v -0.4375 0.025 0.0933
v -0.375 0 0.1
v -0.375 -0.025 0.0933
v -0.375 -0.0433 0.075
v -0.375 -0.05 0.05
v -0.375 -0.0433 0.025
v -0.375 -0.025 0.0067
v -0.375 0 0
v -0.375 0.025 0.0067
v -0.375 0.0433 0.025
v -0.375 0.05 0.05
v -0.375 0.0433 0.075
v -0.375 0.025 0.0933
v -0.35 0 0.1
v -0.35 -0.025 0.0933
v -0.35 -0.0433 0.075
v -0.35 -0.05 0.05
v -0.35 -0.0433 0.025
v -0.35 -0.025 0.0067
v -0.35 0 0
v -0.35 0.025 0.0067
v -0.35 0.0433 0.025
v -0.35 0.05 0.05
v -0.35 0.0433 0.075
v -0.35 0.025 0.0933
v -0.125 0 0.1
v -0.125 -0.025 0.0933
v -0.125 -0.0433 0.075
v -0.125 -0.05 0.05
v -0.125 -0.0433 0.025
v -0.125 -0.025 0.0067
v -0.125 0 0
v -0.125 0.025 0.0067
v -0.125 0.0433 0.025
v -0.125 0.05 0.05
v -0.125 0.0433 0.075
v -0.125 0.025 0.0933
v -0.125 0 0.05
v -0.125 0 0.05
v -0.125 0 0.05
v -0.125 0 0.05
v -0.125 0 0.05
v -0.125 0 0.05
v -0.125 0 0.05
v -0.125 0 0.05
v -0.125 0 0.05
v -0.125 0 0.05
v -0.125 0 0.05
v -0.125 0 0.05
v -0.5 0.14 0.05
v -0.5 0.14 0.05
v -0.5 0.14 0.05
v -0.5 0.14 0.05
v -0.5 0.14 0.05
v -0.5 0.14 0.05
v -0.5 0.14 0.05
v -0.5 0.14 0.05
v -0.5 0.14 0.05
v -0.5 0.14 0.05
v -0.5 0.14 0.05
v -0.5 0.14 0.05
v -0.5 0.14 0.06875
v -0.5 0.13063 0.06624
v -0.5 0.12376 0.05938
v -0.5 0.12125 0.05
v -0.5 0.12376 0.04063
v -0.5 0.13063 0.03376
v -0.5 0.14 0.03125
v -0.5 0.14938 0.03376
v -0.5 0.15624 0.04062
v -0.5 0.15875 0.05
v -0.5 0.15624 0.05938
v -0.5 0.14938 0.06624
v -0.8125 0.14 0.06875
v -0.8125 0.13063 0.06624
v -0.8125 0.12376 0.05938
v -0.8125 0.12125 0.05
v -0.8125 0.12376 0.04063
v -0.8125 0.13063 0.03376
v -0.8125 0.14 0.03125
v -0.8125 0.14938 0.03376
v -0.8125 0.15624 0.04062
v -0.8125 0.15875 0.05
v -0.8125 0.15624 0.05938
v -0.8125 0.14938 0.06624
v -0.8125 0.14 0.08125
v -0.8125 0.12438 0.07706
v -0.8125 0.11294 0.06563
v -0.8125 0.10875 0.05
v -0.8125 0.11294 0.03438
v -0.8125 0.12438 0.02294
v -0.8125 0.14 0.01875
v -0.8125 0.15563 0.02294
v -0.8125 0.16706 0.03437
v -0.8125 0.17125 0.05
v -0.8125 0.16706 0.06563
v -0.8125 0.15563 0.07706
v -0.5625 0.14 0.08438
v -0.5625 0.12281 0.07977
v -0.5625 0.11023 0.06719
v -0.5625 0.10563 0.05
v -0.5625 0.11023 0.03281
v -0.5625 0.12281 0.02023
v -0.5625 0.14 0.01563
v -0.5625 0.15719 0.02023
v -0.5625 0.16977 0.03281
v -0.5625 0.17438 0.05
v -0.5625 0.16977 0.06719
v -0.5625 0.15719 0.07977
v -0.5625 0.14 0.0875
v -0.5625 0.12125 0.08248
v -0.5625 0.10752 0.06875
v -0.5625 0.1025 0.05
v -0.5625 0.10752 0.03125
v -0.5625 0.12125 0.01752
v -0.5625 0.14 0.0125
v -0.5625 0.15875 0.01752
v -0.5625 0.17248 0.03125
v -0.5625 0.1775 0.05
v -0.5625 0.17248 0.06875
v -0.5625 0.15875 0.08248
v -0.5 0.14 0.0875
v -0.5 0.12125 0.08248
v -0.5 0.10752 0.06875
v -0.5 0.1025 0.05
v -0.5 0.10752 0.03125
v -0.5 0.12125 0.01752
v -0.5 0.14 0.0125
v -0.5 0.15875 0.01752
v -0.5 0.17248 0.03125
v -0.5 0.1775 0.05
v -0.5 0.17248 0.06875
v -0.5 0.15875 0.08248
v -0.4375 0.14 0.1
v -0.4375 0.115 0.0933
v -0.4375 0.0967 0.075
v -0.4375 0.09 0.05
v -0.4375 0.0967 0.025
v -0.4375 0.115 0.0067
v -0.4375 0.14 0
v -0.4375 0.165 0.0067
v -0.4375 0.1833 0.025
v -0.4375 0.19 0.05
v -0.4375 0.1833 0.075
v -0.4375 0.165 0.0933
v -0.375 0.14 0.1
v -0.375 0.115 0.0933
v -0.375 0.0967 0.075
v -0.375 0.09 0.05
v -0.375 0.0967 0.025
v -0.375 0.115 0.0067
v -0.375 0.14 0
v -0.375 0.165 0.0067
v -0.375 0.1833 0.025
v -0.375 0.19 0.05
v -0.375 0.1833 0.075
v -0.375 0.165 0.0933
v -0.35 0.14 0.1
v -0.35 0.115 0.0933
v -0.35 0.0967 0.075
v -0.35 0.09 0.05
v -0.35 0.0967 0.025
v -0.35 0.115 0.0067
v -0.35 0.14 0
v -0.35 0.165 0.0067
v -0.35 0.1833 0.025
v -0.35 0.19 0.05
v -0.35 0.1833 0.075
v -0.35 0.165 0.0933
v -0.125 0.14 0.1
v -0.125 0.115 0.0933
v -0.125 0.0967 0.075
v -0.125 0.09 0.05
v -0.125 0.0967 0.025
v -0.125 0.115 0.0067
v -0.125 0.14 0
v -0.125 0.165 0.0067
v -0.125 0.1833 0.025
v -0.125 0.19 0.05
v -0.125 0.1833 0.075
v -0.125 0.165 0.0933
v -0.125 0.14 0.05
v -0.125 0.14 0.05
v -0.125 0.14 0.05
v -0.125 0.14 0.05
v -0.125 0.14 0.05
v -0.125 0.14 0.05
v -0.125 0.14 0.05
v -0.125 0.14 0.05
v -0.125 0.14 0.05
v -0.125 0.14 0.05
v -0.125 0.14 0.05
v -0.125 0.14 0.05

vt 0.3125 0.775
vt 0.3125 0.975
vt 0.32917 0.975
vt 0.32917 0.775
vt 0.3125 0.775
vt 0.32917 0.975
vt 0.32917 0.775
vt 0.32917 0.975
vt 0.34583 0.975
vt 0.34583 0.775
vt 0.32917 0.775
vt 0.34583 0.975
vt 0.34583 0.775
vt 0.34583 0.975
vt 0.3625 0.975
vt 0.3625 0.775
vt 0.34583 0.775
vt 0.3625 0.975
vt 0.2625 0.775
vt 0.2625 0.975
vt 0.27917 0.975
vt 0.27917 0.775
vt 0.2625 0.775
vt 0.27917 0.975
vt 0.27917 0.775
vt 0.27917 0.975
vt 0.29583 0.975
vt 0.29583 0.775
vt 0.27917 0.775
vt 0.29583 0.975
vt 0.29583 0.775
vt 0.29583 0.975
vt 0.3125 0.975
vt 0.3125 0.775
vt 0.29583 0.775
vt 0.3125 0.975
vt 0.3125 0.775
vt 0.3125 0.975
vt 0.32917 0.775
vt 0.3125 0.975
vt 0.32917 0.975
vt 0.32917 0.775
vt 0.32917 0.775
vt 0.32917 0.975
vt 0.34583 0.775
vt 0.32917 0.975
vt 0.34583 0.975
vt 0.34583 0.775
vt 0.34583 0.775
vt 0.34583 0.975
vt 0.3625 0.775
vt 0.34583 0.975
vt 0.3625 0.975
vt 0.3625 0.775
vt 0.2625 0.775
vt 0.2625 0.975
vt 0.27917 0.775
vt 0.2625 0.975
vt 0.27917 0.975
vt 0.27917 0.775
vt 0.27917 0.775
vt 0.27917 0.975
vt 0.29583 0.775
vt 0.27917 0.975
vt 0.29583 0.975
vt 0.29583 0.775
vt 0.29583 0.775
vt 0.29583 0.975
vt 0.3125 0.775
vt 0.29583 0.975
vt 0.3125 0.975
vt 0.3125 0.775
vt 0.2625 0.775
vt 0.2625 0.975
vt 0.29583 0.975
vt 0.29583 0.775
vt 0.2625 0.775
vt 0.29583 0.975
vt 0.29583 0.775
vt 0.29583 0.975
vt 0.32917 0.975
vt 0.32917 0.775
vt 0.29583 0.775
vt 0.32917 0.975
vt 0.32917 0.775
vt 0.32917 0.975
vt 0.3625 0.975
vt 0.3625 0.775
vt 0.32917 0.775
vt 0.3625 0.975
vt 0.2625 0.775
vt 0.2625 0.975
vt 0.29583 0.975
vt 0.29583 0.775
vt 0.2625 0.775
vt 0.29583 0.975
vt 0.29583 0.775
vt 0.29583 0.975
vt 0.32917 0.975
vt 0.32917 0.775
vt 0.29583 0.775
vt 0.32917 0.975
vt 0.32917 0.775
vt 0.32917 0.975
vt 0.3625 0.975
vt 0.3625 0.775
vt 0.32917 0.775
vt 0.3625 0.975
vt 0.2625 0.775
vt 0.2625 0.975
vt 0.29583 0.775
vt 0.2625 0.975
vt 0.29583 0.975
vt 0.29583 0.775
vt 0.29583 0.775
vt 0.29583 0.975
vt 0.32917 0.775
vt 0.29583 0.975
vt 0.32917 0.975
vt 0.32917 0.775
vt 0.32917 0.775
vt 0.32917 0.975
vt 0.3625 0.775
vt 0.32917 0.975
vt 0.3625 0.975
vt 0.3625 0.775
vt 0.2625 0.775
vt 0.2625 0.975
vt 0.29583 0.775
vt 0.2625 0.975
vt 0.29583 0.975
vt 0.29583 0.775
vt 0.29583 0.775
vt 0.29583 0.975
vt 0.32917 0.775
vt 0.29583 0.975
vt 0.32917 0.975
vt 0.32917 0.775
vt 0.32917 0.775
vt 0.32917 0.975
vt 0.3625 0.775
vt 0.32917 0.975
vt 0.3625 0.975
vt 0.3625 0.775
vt 0.2625 0.775
vt 0.2625 0.975
vt 0.29583 0.975
vt 0.29583 0.775
vt 0.2625 0.775
vt 0.29583 0.975
vt 0.29583 0.775
vt 0.29583 0.975
vt 0.32917 0.975
vt 0.32917 0.775
vt 0.29583 0.775
vt 0.32917 0.975
vt 0.32917 0.775
vt 0.32917 0.975
vt 0.3625 0.975
vt 0.3625 0.775
vt 0.32917 0.775
vt 0.3625 0.975
vt 0.2625 0.775
vt 0.2625 0.975
vt 0.29583 0.975
vt 0.29583 0.775
vt 0.2625 0.775
vt 0.29583 0.975
vt 0.29583 0.775
vt 0.29583 0.975
vt 0.32917 0.975
vt 0.32917 0.775
vt 0.29583 0.775
vt 0.32917 0.975
vt 0.32917 0.775
vt 0.32917 0.975
vt 0.3625 0.975
vt 0.3625 0.775
vt 0.32917 0.775
vt 0.3625 0.975
vt 0.2625 0.775
vt 0.2625 0.975
vt 0.29583 0.775
vt 0.2625 0.975
vt 0.29583 0.975
vt 0.29583 0.775
vt 0.29583 0.775
vt 0.29583 0.975
vt 0.32917 0.775
vt 0.29583 0.975
vt 0.32917 0.975
vt 0.32917 0.775
vt 0.32917 0.775
vt 0.32917 0.975
vt 0.3625 0.775
vt 0.32917 0.975
vt 0.3625 0.975
vt 0.3625 0.775
vt 0.2625 0.775
vt 0.2625 0.975
vt 0.29583 0.775
vt 0.2625 0.975
vt 0.29583 0.975
vt 0.29583 0.775
vt 0.29583 0.775
vt 0.29583 0.975
vt 0.32917 0.775
vt 0.29583 0.975
vt 0.32917 0.975
vt 0.32917 0.775
vt 0.32917 0.775
vt 0.32917 0.975
vt 0.3625 0.775
vt 0.32917 0.975
vt 0.3625 0.975
vt 0.3625 0.775
vt 0.3125 0.775
vt 0.3125 0.975
vt 0.32917 0.975
vt 0.32917 0.775
vt 0.3125 0.775
vt 0.32917 0.975
vt 0.32917 0.775
vt 0.32917 0.975
vt 0.34583 0.975
vt 0.34583 0.775
vt 0.32917 0.775
vt 0.34583 0.975
vt 0.34583 0.775
vt 0.34583 0.975
vt 0.3625 0.975
vt 0.3625 0.775
vt 0.34583 0.775
vt 0.3625 0.975
vt 0.2625 0.775
vt 0.2625 0.975
vt 0.27917 0.975
vt 0.27917 0.775
vt 0.2625 0.775
vt 0.27917 0.975
vt 0.27917 0.775
vt 0.27917 0.975
vt 0.29583 0.975
vt 0.29583 0.775
vt 0.27917 0.775
vt 0.29583 0.975
vt 0.29583 0.775
vt 0.29583 0.975
vt 0.3125 0.975
vt 0.3125 0.775
vt 0.29583 0.775
vt 0.3125 0.975
vt 0.3125 0.775
vt 0.3125 0.975
vt 0.32917 0.775
vt 0.3125 0.975
vt 0.32917 0.975
vt 0.32917 0.775
vt 0.32917 0.775
vt 0.32917 0.975
vt 0.34583 0.775
vt 0.32917 0.975
vt 0.34583 0.975
vt 0.34583 0.775
vt 0.34583 0.775
vt 0.34583 0.975
vt 0.3625 0.775
vt 0.34583 0.975
vt 0.3625 0.975
vt 0.3625 0.775
vt 0.2625 0.775
vt 0.2625 0.975
vt 0.27917 0.775
vt 0.2625 0.975
vt 0.27917 0.975
vt 0.27917 0.775
vt 0.27917 0.775
vt 0.27917 0.975
vt 0.29583 0.775
vt 0.27917 0.975
vt 0.29583 0.975
vt 0.29583 0.775
vt 0.29583 0.775
vt 0.29583 0.975
vt 0.3125 0.775
vt 0.29583 0.975
vt 0.3125 0.975
vt 0.3125 0.775
vt 0.5125 0.775
vt 0.5125 0.975
vt 0.54583 0.975
vt 0.54583 0.775
vt 0.5125 0.775
vt 0.54583 0.975
vt 0.54583 0.775
vt 0.54583 0.975
vt 0.57917 0.975
vt 0.57917 0.775
vt 0.54583 0.775
vt 0.57917 0.975
vt 0.57917 0.775
vt 0.57917 0.975
vt 0.6125 0.975
vt 0.6125 0.775
vt 0.57917 0.775
vt 0.6125 0.975
vt 0.5125 0.775
vt 0.5125 0.975
vt 0.54583 0.975
vt 0.54583 0.775
vt 0.5125 0.775
vt 0.54583 0.975
vt 0.54583 0.775
vt 0.54583 0.975
vt 0.57917 0.975
vt 0.57917 0.775
vt 0.54583 0.775
vt 0.57917 0.975
vt 0.57917 0.775
vt 0.57917 0.975
vt 0.6125 0.975
vt 0.6125 0.775
vt 0.57917 0.775
vt 0.6125 0.975
vt 0.5125 0.775
vt 0.5125 0.975
vt 0.54583 0.775
vt 0.5125 0.975
vt 0.54583 0.975
vt 0.54583 0.775
vt 0.54583 0.775
vt 0.54583 0.975
vt 0.57917 0.775
vt 0.54583 0.975
vt 0.57917 0.975
vt 0.57917 0.775
vt 0.57917 0.775
vt 0.57917 0.975
vt 0.6125 0.775
vt 0.57917 0.975
vt 0.6125 0.975
vt 0.6125 0.775
vt 0.5125 0.775
vt 0.5125 0.975
vt 0.54583 0.775
vt 0.5125 0.975
vt 0.54583 0.975
vt 0.54583 0.775
vt 0.54583 0.775
vt 0.54583 0.975
vt 0.57917 0.775
vt 0.54583 0.975
vt 0.57917 0.975
vt 0.57917 0.775
vt 0.57917 0.775
vt 0.57917 0.975
vt 0.6125 0.775
vt 0.57917 0.975
vt 0.6125 0.975
vt 0.6125 0.775
vt 0.3125 0.775
vt 0.3125 0.975
vt 0.32917 0.975
vt 0.32917 0.775
vt 0.3125 0.775
vt 0.32917 0.975
vt 0.32917 0.775
vt 0.32917 0.975
vt 0.34583 0.975
vt 0.34583 0.775
vt 0.32917 0.775
vt 0.34583 0.975
vt 0.34583 0.775
vt 0.34583 0.975
vt 0.3625 0.975
vt 0.3625 0.775
vt 0.34583 0.775
vt 0.3625 0.975
vt 0.2625 0.775
vt 0.2625 0.975
vt 0.27917 0.975
vt 0.27917 0.775
vt 0.2625 0.775
vt 0.27917 0.975
vt 0.27917 0.775
vt 0.27917 0.975
vt 0.29583 0.975
vt 0.29583 0.775
vt 0.27917 0.775
vt 0.29583 0.975
vt 0.29583 0.775
vt 0.29583 0.975
vt 0.3125 0.975
vt 0.3125 0.775
vt 0.29583 0.775
vt 0.3125 0.975
vt 0.3125 0.775
vt 0.3125 0.975
vt 0.32917 0.775
vt 0.3125 0.975
vt 0.32917 0.975
vt 0.32917 0.775
vt 0.32917 0.775
vt 0.32917 0.975
vt 0.34583 0.775
vt 0.32917 0.975
vt 0.34583 0.975
vt 0.34583 0.775
vt 0.34583 0.775
vt 0.34583 0.975
vt 0.3625 0.775
vt 0.34583 0.975
vt 0.3625 0.975
vt 0.3625 0.775
vt 0.2625 0.775
vt 0.2625 0.975
vt 0.27917 0.775
vt 0.2625 0.975
vt 0.27917 0.975
vt 0.27917 0.775
vt 0.27917 0.775
vt 0.27917 0.975
vt 0.29583 0.775
vt 0.27917 0.975
vt 0.29583 0.975
vt 0.29583 0.775
vt 0.29583 0.775
vt 0.29583 0.975
vt 0.3125 0.775
vt 0.29583 0.975
vt 0.3125 0.975
vt 0.3125 0.775
vt 0.2625 0.775
vt 0.2625 0.975
vt 0.29583 0.975
vt 0.29583 0.775
vt 0.2625 0.775
vt 0.29583 0.975
vt 0.29583 0.775
vt 0.29583 0.975
vt 0.32917 0.975
vt 0.32917 0.775
vt 0.29583 0.775
vt 0.32917 0.975
vt 0.32917 0.775
vt 0.32917 0.975
vt 0.3625 0.975
vt 0.3625 0.775
vt 0.32917 0.775
vt 0.3625 0.975
vt 0.2625 0.775
vt 0.2625 0.975
vt 0.29583 0.975
vt 0.29583 0.775
vt 0.2625 0.775
vt 0.29583 0.975
vt 0.29583 0.775
vt 0.29583 0.975
vt 0.32917 0.975
vt 0.32917 0.775
vt 0.29583 0.775
vt 0.32917 0.975
vt 0.32917 0.775
vt 0.32917 0.975
vt 0.3625 0.975
vt 0.3625 0.775
vt 0.32917 0.775
vt 0.3625 0.975
vt 0.2625 0.775
vt 0.2625 0.975
vt 0.29583 0.775
vt 0.2625 0.975
vt 0.29583 0.975
vt 0.29583 0.775
vt 0.29583 0.775
vt 0.29583 0.975
vt 0.32917 0.775
vt 0.29583 0.975
vt 0.32917 0.975
vt 0.32917 0.775
vt 0.32917 0.775
vt 0.32917 0.975
vt 0.3625 0.775
vt 0.32917 0.975
vt 0.3625 0.975
vt 0.3625 0.775
vt 0.2625 0.775
vt 0.2625 0.975
vt 0.29583 0.775
vt 0.2625 0.975
vt 0.29583 0.975
vt 0.29583 0.775
vt 0.29583 0.775
vt 0.29583 0.975
vt 0.32917 0.775
vt 0.29583 0.975
vt 0.32917 0.975
vt 0.32917 0.775
vt 0.32917 0.775
vt 0.32917 0.975
vt 0.3625 0.775
vt 0.32917 0.975
vt 0.3625 0.975
vt 0.3625 0.775
vt 0.3125 0.775
vt 0.3125 0.975
vt 0.32917 0.975
vt 0.32917 0.775
vt 0.3125 0.775
vt 0.32917 0.975
vt 0.32917 0.775
vt 0.32917 0.975
vt 0.34583 0.975
vt 0.34583 0.775
vt 0.32917 0.775
vt 0.34583 0.975
vt 0.34583 0.775
vt 0.34583 0.975
vt 0.3625 0.975
vt 0.3625 0.775
vt 0.34583 0.775
vt 0.3625 0.975
vt 0.2625 0.775
vt 0.2625 0.975
vt 0.27917 0.975
vt 0.27917 0.775
vt 0.2625 0.775
vt 0.27917 0.975
vt 0.27917 0.775
vt 0.27917 0.975
vt 0.29583 0.975
vt 0.29583 0.775
vt 0.27917 0.775
vt 0.29583 0.975
vt 0.29583 0.775
vt 0.29583 0.975
vt 0.3125 0.975
vt 0.3125 0.775
vt 0.29583 0.775
vt 0.3125 0.975
vt 0.3125 0.775
vt 0.3125 0.975
vt 0.32917 0.775
vt 0.3125 0.975
vt 0.32917 0.975
vt 0.32917 0.775
vt 0.32917 0.775
vt 0.32917 0.975
vt 0.34583 0.775
vt 0.32917 0.975
vt 0.34583 0.975
vt 0.34583 0.775
vt 0.34583 0.775
vt 0.34583 0.975
vt 0.3625 0.775
vt 0.34583 0.975
vt 0.3625 0.975
vt 0.3625 0.775
vt 0.2625 0.775
vt 0.2625 0.975
vt 0.27917 0.775
vt 0.2625 0.975
vt 0.27917 0.975
vt 0.27917 0.775
vt 0.27917 0.775
vt 0.27917 0.975
vt 0.29583 0.775
vt 0.27917 0.975
vt 0.29583 0.975
vt 0.29583 0.775
vt 0.29583 0.775
vt 0.29583 0.975
vt 0.3125 0.775
vt 0.29583 0.975
vt 0.3125 0.975
vt 0.3125 0.775
vt 0.5125 0.775
vt 0.5125 0.975
vt 0.54583 0.975
vt 0.54583 0.775
vt 0.5125 0.775
vt 0.54583 0.975
vt 0.54583 0.775
vt 0.54583 0.975
vt 0.57917 0.975
vt 0.57917 0.775
vt 0.54583 0.775
vt 0.57917 0.975
vt 0.57917 0.775
vt 0.57917 0.975
vt 0.6125 0.975
vt 0.6125 0.775
vt 0.57917 0.775
vt 0.6125 0.975
vt 0.5125 0.775
vt 0.5125 0.975
vt 0.54583 0.975
vt 0.54583 0.775
vt 0.5125 0.775
vt 0.54583 0.975
vt 0.54583 0.775
vt 0.54583 0.975
vt 0.57917 0.975
vt 0.57917 0.775
vt 0.54583 0.775
vt 0.57917 0.975
vt 0.57917 0.775
vt 0.57917 0.975
vt 0.6125 0.975
vt 0.6125 0.775
vt 0.57917 0.775
vt 0.6125 0.975
vt 0.5125 0.775
vt 0.5125 0.975
vt 0.54583 0.775
vt 0.5125 0.975
vt 0.54583 0.975
vt 0.54583 0.775
vt 0.54583 0.775
vt 0.54583 0.975
vt 0.57917 0.775
vt 0.54583 0.975
vt 0.57917 0.975
vt 0.57917 0.775
vt 0.57917 0.775
vt 0.57917 0.975
vt 0.6125 0.775
vt 0.57917 0.975
vt 0.6125 0.975
vt 0.6125 0.775
vt 0.5125 0.775
vt 0.5125 0.975
vt 0.54583 0.775
vt 0.5125 0.975
vt 0.54583 0.975
vt 0.54583 0.775
vt 0.54583 0.775
vt 0.54583 0.975
vt 0.57917 0.775
vt 0.54583 0.975
vt 0.57917 0.975
vt 0.57917 0.775
vt 0.57917 0.775
vt 0.57917 0.975
vt 0.6125 0.775
vt 0.57917 0.975
vt 0.6125 0.975
vt 0.6125 0.775
vt 0.3125 0.775
vt 0.3125 0.975
vt 0.32917 0.975
vt 0.32917 0.775
vt 0.3125 0.775
vt 0.32917 0.975
vt 0.32917 0.775
vt 0.32917 0.975
vt 0.34583 0.975
vt 0.34583 0.775
vt 0.32917 0.775
vt 0.34583 0.975
vt 0.34583 0.775
vt 0.34583 0.975
vt 0.3625 0.975
vt 0.3625 0.775
vt 0.34583 0.775
vt 0.3625 0.975
vt 0.2625 0.775
vt 0.2625 0.975
vt 0.27917 0.975
vt 0.27917 0.775
vt 0.2625 0.775
vt 0.27917 0.975
vt 0.27917 0.775
vt 0.27917 0.975
vt 0.29583 0.975
vt 0.29583 0.775
vt 0.27917 0.775
vt 0.29583 0.975
vt 0.29583 0.775
vt 0.29583 0.975
vt 0.3125 0.975
vt 0.3125 0.775
vt 0.29583 0.775
vt 0.3125 0.975
vt 0.3125 0.775
vt 0.3125 0.975
vt 0.32917 0.775
vt 0.3125 0.975
vt 0.32917 0.975
vt 0.32917 0.775
vt 0.32917 0.775
vt 0.32917 0.975
vt 0.34583 0.775
vt 0.32917 0.975
vt 0.34583 0.975
vt 0.34583 0.775
vt 0.34583 0.775
vt 0.34583 0.975
vt 0.3625 0.775
vt 0.34583 0.975
vt 0.3625 0.975
vt 0.3625 0.775
vt 0.2625 0.775
vt 0.2625 0.975
vt 0.27917 0.775
vt 0.2625 0.975
vt 0.27917 0.975
vt 0.27917 0.775
vt 0.27917 0.775
vt 0.27917 0.975
vt 0.29583 0.775
vt 0.27917 0.975
vt 0.29583 0.975
vt 0.29583 0.775
vt 0.29583 0.775
vt 0.29583 0.975
vt 0.3125 0.775
vt 0.29583 0.975
vt 0.3125 0.975
vt 0.3125 0.775
vt 0.2625 0.775
vt 0.2625 0.975
vt 0.29583 0.975
vt 0.29583 0.775
vt 0.2625 0.775
vt 0.29583 0.975
vt 0.29583 0.775
vt 0.29583 0.975
vt 0.32917 0.975
vt 0.32917 0.775
vt 0.29583 0.775
vt 0.32917 0.975
vt 0.32917 0.775
vt 0.32917 0.975
vt 0.3625 0.975
vt 0.3625 0.775
vt 0.32917 0.775
vt 0.3625 0.975
vt 0.2625 0.775
vt 0.2625 0.975
vt 0.29583 0.975
vt 0.29583 0.775
vt 0.2625 0.775
vt 0.29583 0.975
vt 0.29583 0.775
vt 0.29583 0.975
vt 0.32917 0.975
vt 0.32917 0.775
vt 0.29583 0.775
vt 0.32917 0.975
vt 0.32917 0.775
vt 0.32917 0.975
vt 0.3625 0.975
vt 0.3625 0.775
vt 0.32917 0.775
vt 0.3625 0.975
vt 0.2625 0.775
vt 0.2625 0.975
vt 0.29583 0.775
vt 0.2625 0.975
vt 0.29583 0.975
vt 0.29583 0.775
vt 0.29583 0.775
vt 0.29583 0.975
vt 0.32917 0.775
vt 0.29583 0.975
vt 0.32917 0.975
vt 0.32917 0.775
vt 0.32917 0.775
vt 0.32917 0.975
vt 0.3625 0.775
vt 0.32917 0.975
vt 0.3625 0.975
vt 0.3625 0.775
vt 0.2625 0.775
vt 0.2625 0.975
vt 0.29583 0.775
vt 0.2625 0.975
vt 0.29583 0.975
vt 0.29583 0.775
vt 0.29583 0.775
vt 0.29583 0.975
vt 0.32917 0.775
vt 0.29583 0.975
vt 0.32917 0.975
vt 0.32917 0.775
vt 0.32917 0.775
vt 0.32917 0.975
vt 0.3625 0.775
vt 0.32917 0.975
vt 0.3625 0.975
vt 0.3625 0.775
vt 0.3125 0.775
vt 0.3125 0.975
vt 0.32917 0.975
vt 0.32917 0.775
vt 0.3125 0.775
vt 0.32917 0.975
vt 0.32917 0.775
vt 0.32917 0.975
vt 0.34583 0.975
vt 0.34583 0.775
vt 0.32917 0.775
vt 0.34583 0.975
vt 0.34583 0.775
vt 0.34583 0.975
vt 0.3625 0.975
vt 0.3625 0.775
vt 0.34583 0.775
vt 0.3625 0.975
vt 0.2625 0.775
vt 0.2625 0.975
vt 0.27917 0.975
vt 0.27917 0.775
vt 0.2625 0.775
vt 0.27917 0.975
vt 0.27917 0.775
vt 0.27917 0.975
vt 0.29583 0.975
vt 0.29583 0.775
vt 0.27917 0.775
vt 0.29583 0.975
vt 0.29583 0.775
vt 0.29583 0.975
vt 0.3125 0.975
vt 0.3125 0.775
vt 0.29583 0.775
vt 0.3125 0.975
vt 0.3125 0.775
vt 0.3125 0.975
vt 0.32917 0.775
vt 0.3125 0.975
vt 0.32917 0.975
vt 0.32917 0.775
vt 0.32917 0.775
vt 0.32917 0.975
vt 0.34583 0.775
vt 0.32917 0.975
vt 0.34583 0.975
vt 0.34583 0.775
vt 0.34583 0.775
vt 0.34583 0.975
vt 0.3625 0.775
vt 0.34583 0.975
vt 0.3625 0.975
vt 0.3625 0.775
vt 0.2625 0.775
vt 0.2625 0.975
vt 0.27917 0.775
vt 0.2625 0.975
vt 0.27917 0.975
vt 0.27917 0.775
vt 0.27917 0.775
vt 0.27917 0.975
vt 0.29583 0.775
vt 0.27917 0.975
vt 0.29583 0.975
vt 0.29583 0.775
vt 0.29583 0.775
vt 0.29583 0.975
vt 0.3125 0.775
vt 0.29583 0.975
vt 0.3125 0.975
vt 0.3125 0.775
vt 0.5125 0.775
vt 0.5125 0.975
vt 0.54583 0.975
vt 0.54583 0.775
vt 0.5125 0.775
vt 0.54583 0.975
vt 0.54583 0.775
vt 0.54583 0.975
vt 0.57917 0.975
vt 0.57917 0.775
vt 0.54583 0.775
vt 0.57917 0.975
vt 0.57917 0.775
vt 0.57917 0.975
vt 0.6125 0.975
vt 0.6125 0.775
vt 0.57917 0.775
vt 0.6125 0.975
vt 0.5125 0.775
vt 0.5125 0.975
vt 0.54583 0.975
vt 0.54583 0.775
vt 0.5125 0.775
vt 0.54583 0.975
vt 0.54583 0.775
vt 0.54583 0.975
vt 0.57917 0.975
vt 0.57917 0.775
vt 0.54583 0.775
vt 0.57917 0.975
vt 0.57917 0.775
vt 0.57917 0.975
vt 0.6125 0.975
vt 0.6125 0.775
vt 0.57917 0.775
vt 0.6125 0.975
vt 0.5125 0.775
vt 0.5125 0.975
vt 0.54583 0.775
vt 0.5125 0.975
vt 0.54583 0.975
vt 0.54583 0.775
vt 0.54583 0.775
vt 0.54583 0.975
vt 0.57917 0.775
vt 0.54583 0.975
vt 0.57917 0.975
vt 0.57917 0.775
vt 0.57917 0.775
vt 0.57917 0.975
vt 0.6125 0.775
vt 0.57917 0.975
vt 0.6125 0.975
vt 0.6125 0.775
vt 0.5125 0.775
vt 0.5125 0.975
vt 0.54583 0.775
vt 0.5125 0.975
vt 0.54583 0.975
vt 0.54583 0.775
vt 0.54583 0.775
vt 0.54583 0.975
vt 0.57917 0.775
vt 0.54583 0.975
vt 0.57917 0.975
vt 0.57917 0.775
vt 0.57917 0.775
vt 0.57917 0.975
vt 0.6125 0.775
vt 0.57917 0.975
vt 0.6125 0.975
vt 0.6125 0.775
vt 0.3125 0.775
vt 0.3125 0.975
vt 0.32917 0.975
vt 0.32917 0.775
vt 0.3125 0.775
vt 0.32917 0.975
vt 0.32917 0.775
vt 0.32917 0.975
vt 0.34583 0.975
vt 0.34583 0.775
vt 0.32917 0.775
vt 0.34583 0.975
vt 0.34583 0.775
vt 0.34583 0.975
vt 0.3625 0.975
vt 0.3625 0.775
vt 0.34583 0.775
vt 0.3625 0.975
vt 0.2625 0.775
vt 0.2625 0.975
vt 0.27917 0.975
vt 0.27917 0.775
vt 0.2625 0.775
vt 0.27917 0.975
vt 0.27917 0.775
vt 0.27917 0.975
vt 0.29583 0.975
vt 0.29583 0.775
vt 0.27917 0.775
vt 0.29583 0.975
vt 0.29583 0.775
vt 0.29583 0.975
vt 0.3125 0.975
vt 0.3125 0.775
vt 0.29583 0.775
vt 0.3125 0.975
vt 0.3125 0.775
vt 0.3125 0.975
vt 0.32917 0.775
vt 0.3125 0.975
vt 0.32917 0.975
vt 0.32917 0.775
vt 0.32917 0.775
vt 0.32917 0.975
vt 0.34583 0.775
vt 0.32917 0.975
vt 0.34583 0.975
vt 0.34583 0.775
vt 0.34583 0.775
vt 0.34583 0.975
vt 0.3625 0.775
vt 0.34583 0.975
vt 0.3625 0.975
vt 0.3625 0.775
vt 0.2625 0.775
vt 0.2625 0.975
vt 0.27917 0.775
vt 0.2625 0.975
vt 0.27917 0.975
vt 0.27917 0.775
vt 0.27917 0.775
vt 0.27917 0.975
vt 0.29583 0.775
vt 0.27917 0.975
vt 0.29583 0.975
vt 0.29583 0.775
vt 0.29583 0.775
vt 0.29583 0.975
vt 0.3125 0.775
vt 0.29583 0.975
vt 0.3125 0.975
vt 0.3125 0.775
vt 0.2625 0.775
vt 0.2625 0.975
vt 0.29583 0.975
vt 0.29583 0.775
vt 0.2625 0.775
vt 0.29583 0.975
vt 0.29583 0.775
vt 0.29583 0.975
vt 0.32917 0.975
vt 0.32917 0.775
vt 0.29583 0.775
vt 0.32917 0.975
vt 0.32917 0.775
vt 0.32917 0.975
vt 0.3625 0.975
vt 0.3625 0.775
vt 0.32917 0.775
vt 0.3625 0.975
vt 0.2625 0.775
vt 0.2625 0.975
vt 0.29583 0.975
vt 0.29583 0.775
vt 0.2625 0.775
vt 0.29583 0.975
vt 0.29583 0.775
vt 0.29583 0.975
vt 0.32917 0.975
vt 0.32917 0.775
vt 0.29583 0.775
vt 0.32917 0.975
vt 0.32917 0.775
vt 0.32917 0.975
vt 0.3625 0.975
vt 0.3625 0.775
vt 0.32917 0.775
vt 0.3625 0.975
vt 0.2625 0.775
vt 0.2625 0.975
vt 0.29583 0.775
vt 0.2625 0.975
vt 0.29583 0.975
vt 0.29583 0.775
vt 0.29583 0.775
vt 0.29583 0.975
vt 0.32917 0.775
vt 0.29583 0.975
vt 0.32917 0.975
vt 0.32917 0.775
vt 0.32917 0.775
vt 0.32917 0.975
vt 0.3625 0.775
vt 0.32917 0.975
vt 0.3625 0.975
vt 0.3625 0.775
vt 0.2625 0.775
vt 0.2625 0.975
vt 0.29583 0.775
vt 0.2625 0.975
vt 0.29583 0.975
vt 0.29583 0.775
vt 0.29583 0.775
vt 0.29583 0.975
vt 0.32917 0.775
vt 0.29583 0.975
vt 0.32917 0.975
vt 0.32917 0.775
vt 0.32917 0.775
vt 0.32917 0.975
vt 0.3625 0.775
vt 0.32917 0.975
vt 0.3625 0.975
vt 0.3625 0.775
vt 0.2625 0.775
vt 0.2625 0.975
vt 0.29583 0.975
vt 0.29583 0.775
vt 0.2625 0.775
vt 0.29583 0.975
vt 0.29583 0.775
vt 0.29583 0.975
vt 0.32917 0.975
vt 0.32917 0.775
vt 0.29583 0.775
vt 0.32917 0.975
vt 0.32917 0.775
vt 0.32917 0.975
vt 0.3625 0.975
vt 0.3625 0.775
vt 0.32917 0.775
vt 0.3625 0.975
vt 0.2625 0.775
vt 0.2625 0.975
vt 0.29583 0.975
vt 0.29583 0.775
vt 0.2625 0.775
vt 0.29583 0.975
vt 0.29583 0.775
vt 0.29583 0.975
vt 0.32917 0.975
vt 0.32917 0.775
vt 0.29583 0.775
vt 0.32917 0.975
vt 0.32917 0.775
vt 0.32917 0.975
vt 0.3625 0.975
vt 0.3625 0.775
vt 0.32917 0.775
vt 0.3625 0.975
vt 0.2625 0.775
vt 0.2625 0.975
vt 0.29583 0.775
vt 0.2625 0.975
vt 0.29583 0.975
vt 0.29583 0.775
vt 0.29583 0.775
vt 0.29583 0.975
vt 0.32917 0.775
vt 0.29583 0.975
vt 0.32917 0.975
vt 0.32917 0.775
vt 0.32917 0.775
vt 0.32917 0.975
vt 0.3625 0.775
vt 0.32917 0.975
vt 0.3625 0.975
vt 0.3625 0.775
vt 0.2625 0.775
vt 0.2625 0.975
vt 0.29583 0.775
vt 0.2625 0.975
vt 0.29583 0.975
vt 0.29583 0.775
vt 0.29583 0.775
vt 0.29583 0.975
vt 0.32917 0.775
vt 0.29583 0.975
vt 0.32917 0.975
vt 0.32917 0.775
vt 0.32917 0.775
vt 0.32917 0.975
vt 0.3625 0.775
vt 0.32917 0.975
vt 0.3625 0.975
vt 0.3625 0.775
vt 0.3125 0.775
vt 0.3125 0.975
vt 0.32917 0.975
vt 0.32917 0.775
vt 0.3125 0.775
vt 0.32917 0.975
vt 0.32917 0.775
vt 0.32917 0.975
vt 0.34583 0.975
vt 0.34583 0.775
vt 0.32917 0.775
vt 0.34583 0.975
vt 0.34583 0.775
vt 0.34583 0.975
vt 0.3625 0.975
vt 0.3625 0.775
vt 0.34583 0.775
vt 0.3625 0.975
vt 0.2625 0.775
vt 0.2625 0.975
vt 0.27917 0.975
vt 0.27917 0.775
vt 0.2625 0.775
vt 0.27917 0.975
vt 0.27917 0.775
vt 0.27917 0.975
vt 0.29583 0.975
vt 0.29583 0.775
vt 0.27917 0.775
vt 0.29583 0.975
vt 0.29583 0.775
vt 0.29583 0.975
vt 0.3125 0.975
vt 0.3125 0.775
vt 0.29583 0.775
vt 0.3125 0.975
vt 0.3125 0.775
vt 0.3125 0.975
vt 0.32917 0.775
vt 0.3125 0.975
vt 0.32917 0.975
vt 0.32917 0.775
vt 0.32917 0.775
vt 0.32917 0.975
vt 0.34583 0.775
vt 0.32917 0.975
vt 0.34583 0.975
vt 0.34583 0.775
vt 0.34583 0.775
vt 0.34583 0.975
vt 0.3625 0.775
vt 0.34583 0.975
vt 0.3625 0.975
vt 0.3625 0.775
vt 0.2625 0.775
vt 0.2625 0.975
vt 0.27917 0.775
vt 0.2625 0.975
vt 0.27917 0.975
vt 0.27917 0.775
vt 0.27917 0.775
vt 0.27917 0.975
vt 0.29583 0.775
vt 0.27917 0.975
vt 0.29583 0.975
vt 0.29583 0.775
vt 0.29583 0.775
vt 0.29583 0.975
vt 0.3125 0.775
vt 0.29583 0.975
vt 0.3125 0.975
vt 0.3125 0.775
vt 0.3125 0.775
vt 0.3125 0.975
vt 0.32917 0.975
vt 0.32917 0.775
vt 0.3125 0.775
vt 0.32917 0.975
vt 0.32917 0.775
vt 0.32917 0.975
vt 0.34583 0.975
vt 0.34583 0.775
vt 0.32917 0.775
vt 0.34583 0.975
vt 0.34583 0.775
vt 0.34583 0.975
vt 0.3625 0.975
vt 0.3625 0.775
vt 0.34583 0.775
vt 0.3625 0.975
vt 0.2625 0.775
vt 0.2625 0.975
vt 0.27917 0.975
vt 0.27917 0.775
vt 0.2625 0.775
vt 0.27917 0.975
vt 0.27917 0.775
vt 0.27917 0.975
vt 0.29583 0.975
vt 0.29583 0.775
vt 0.27917 0.775
vt 0.29583 0.975
vt 0.29583 0.775
vt 0.29583 0.975
vt 0.3125 0.975
vt 0.3125 0.775
vt 0.29583 0.775
vt 0.3125 0.975
vt 0.3125 0.775
vt 0.3125 0.975
vt 0.32917 0.775
vt 0.3125 0.975
vt 0.32917 0.975
vt 0.32917 0.775
vt 0.32917 0.775
vt 0.32917 0.975
vt 0.34583 0.775
vt 0.32917 0.975
vt 0.34583 0.975
vt 0.34583 0.775
vt 0.34583 0.775
vt 0.34583 0.975
vt 0.3625 0.775
vt 0.34583 0.975
vt 0.3625 0.975
vt 0.3625 0.775
vt 0.2625 0.775
vt 0.2625 0.975
vt 0.27917 0.775
vt 0.2625 0.975
vt 0.27917 0.975
vt 0.27917 0.775
vt 0.27917 0.775
vt 0.27917 0.975
vt 0.29583 0.775
vt 0.27917 0.975
vt 0.29583 0.975
vt 0.29583 0.775
vt 0.29583 0.775
vt 0.29583 0.975
vt 0.3125 0.775
vt 0.29583 0.975
vt 0.3125 0.975
vt 0.3125 0.775
vt 0.3125 0.775
vt 0.3125 0.975
vt 0.32917 0.975
vt 0.32917 0.775
vt 0.3125 0.775
vt 0.32917 0.975
vt 0.32917 0.775
vt 0.32917 0.975
vt 0.34583 0.975
vt 0.34583 0.775
vt 0.32917 0.775
vt 0.34583 0.975
vt 0.34583 0.775
vt 0.34583 0.975
vt 0.3625 0.975
vt 0.3625 0.775
vt 0.34583 0.775
vt 0.3625 0.975
vt 0.2625 0.775
vt 0.2625 0.975
vt 0.27917 0.975
vt 0.27917 0.775
vt 0.2625 0.775
vt 0.27917 0.975
vt 0.27917 0.775
vt 0.27917 0.975
vt 0.29583 0.975
vt 0.29583 0.775
vt 0.27917 0.775
vt 0.29583 0.975
vt 0.29583 0.775
vt 0.29583 0.975
vt 0.3125 0.975
vt 0.3125 0.775
vt 0.29583 0.775
vt 0.3125 0.975
vt 0.3125 0.775
vt 0.3125 0.975
vt 0.32917 0.775
vt 0.3125 0.975
vt 0.32917 0.975
vt 0.32917 0.775
vt 0.32917 0.775
vt 0.32917 0.975
vt 0.34583 0.775
vt 0.32917 0.975
vt 0.34583 0.975
vt 0.34583 0.775
vt 0.34583 0.775
vt 0.34583 0.975
vt 0.3625 0.775
vt 0.34583 0.975
vt 0.3625 0.975
vt 0.3625 0.775
vt 0.2625 0.775
vt 0.2625 0.975
vt 0.27917 0.775
vt 0.2625 0.975
vt 0.27917 0.975
vt 0.27917 0.775
vt 0.27917 0.775
vt 0.27917 0.975
vt 0.29583 0.775
vt 0.27917 0.975
vt 0.29583 0.975
vt 0.29583 0.775
vt 0.29583 0.775
vt 0.29583 0.975
vt 0.3125 0.775
vt 0.29583 0.975
vt 0.3125 0.975
vt 0.3125 0.775
vt 0.2625 0.775
vt 0.2625 0.975
vt 0.29583 0.975
vt 0.29583 0.775
vt 0.2625 0.775
vt 0.29583 0.975
vt 0.29583 0.775
vt 0.29583 0.975
vt 0.32917 0.975
vt 0.32917 0.775
vt 0.29583 0.775
vt 0.32917 0.975
vt 0.32917 0.775
vt 0.32917 0.975
vt 0.3625 0.975
vt 0.3625 0.775
vt 0.32917 0.775
vt 0.3625 0.975
vt 0.2625 0.775
vt 0.2625 0.975
vt 0.29583 0.975
vt 0.29583 0.775
vt 0.2625 0.775
vt 0.29583 0.975
vt 0.29583 0.775
vt 0.29583 0.975
vt 0.32917 0.975
vt 0.32917 0.775
vt 0.29583 0.775
vt 0.32917 0.975
vt 0.32917 0.775
vt 0.32917 0.975
vt 0.3625 0.975
vt 0.3625 0.775
vt 0.32917 0.775
vt 0.3625 0.975
vt 0.2625 0.775
vt 0.2625 0.975
vt 0.29583 0.775
vt 0.2625 0.975
vt 0.29583 0.975
vt 0.29583 0.775
vt 0.29583 0.775
vt 0.29583 0.975
vt 0.32917 0.775
vt 0.29583 0.975
vt 0.32917 0.975
vt 0.32917 0.775
vt 0.32917 0.775
vt 0.32917 0.975
vt 0.3625 0.775
vt 0.32917 0.975
vt 0.3625 0.975
vt 0.3625 0.775
vt 0.2625 0.775
vt 0.2625 0.975
vt 0.29583 0.775
vt 0.2625 0.975
vt 0.29583 0.975
vt 0.29583 0.775
vt 0.29583 0.775
vt 0.29583 0.975
vt 0.32917 0.775
vt 0.29583 0.975
vt 0.32917 0.975
vt 0.32917 0.775
vt 0.32917 0.775
vt 0.32917 0.975
vt 0.3625 0.775
vt 0.32917 0.975
vt 0.3625 0.975
vt 0.3625 0.775
vt 0.3125 0.775
vt 0.3125 0.975
vt 0.32917 0.975
vt 0.32917 0.775
vt 0.3125 0.775
vt 0.32917 0.975
vt 0.32917 0.775
vt 0.32917 0.975
vt 0.34583 0.975
vt 0.34583 0.775
vt 0.32917 0.775
vt 0.34583 0.975
vt 0.34583 0.775
vt 0.34583 0.975
vt 0.3625 0.975
vt 0.3625 0.775
vt 0.34583 0.775
vt 0.3625 0.975
vt 0.2625 0.775
vt 0.2625 0.975
vt 0.27917 0.975
vt 0.27917 0.775
vt 0.2625 0.775
vt 0.27917 0.975
vt 0.27917 0.775
vt 0.27917 0.975
vt 0.29583 0.975
vt 0.29583 0.775
vt 0.27917 0.775
vt 0.29583 0.975
vt 0.29583 0.775
vt 0.29583 0.975
vt 0.3125 0.975
vt 0.3125 0.775
vt 0.29583 0.775
vt 0.3125 0.975
vt 0.3125 0.775
vt 0.3125 0.975
vt 0.32917 0.775
vt 0.3125 0.975
vt 0.32917 0.975
vt 0.32917 0.775
vt 0.32917 0.775
vt 0.32917 0.975
vt 0.34583 0.775
vt 0.32917 0.975
vt 0.34583 0.975
vt 0.34583 0.775
vt 0.34583 0.775
vt 0.34583 0.975
vt 0.3625 0.775
vt 0.34583 0.975
vt 0.3625 0.975
vt 0.3625 0.775
vt 0.2625 0.775
vt 0.2625 0.975
vt 0.27917 0.775
vt 0.2625 0.975
vt 0.27917 0.975
vt 0.27917 0.775
vt 0.27917 0.775
vt 0.27917 0.975
vt 0.29583 0.775
vt 0.27917 0.975
vt 0.29583 0.975
vt 0.29583 0.775
vt 0.29583 0.775
vt 0.29583 0.975
vt 0.3125 0.775
vt 0.29583 0.975
vt 0.3125 0.975
vt 0.3125 0.775
vt 0.5125 0.775
vt 0.5125 0.975
vt 0.54583 0.975
vt 0.54583 0.775
vt 0.5125 0.775
vt 0.54583 0.975
vt 0.54583 0.775
vt 0.54583 0.975
vt 0.57917 0.975
vt 0.57917 0.775
vt 0.54583 0.775
vt 0.57917 0.975
vt 0.57917 0.775
vt 0.57917 0.975
vt 0.6125 0.975
vt 0.6125 0.775
vt 0.57917 0.775
vt 0.6125 0.975
vt 0.5125 0.775
vt 0.5125 0.975
vt 0.54583 0.975
vt 0.54583 0.775
vt 0.5125 0.775
vt 0.54583 0.975
vt 0.54583 0.775
vt 0.54583 0.975
vt 0.57917 0.975
vt 0.57917 0.775
vt 0.54583 0.775
vt 0.57917 0.975
vt 0.57917 0.775
vt 0.57917 0.975
vt 0.6125 0.975
vt 0.6125 0.775
vt 0.57917 0.775
vt 0.6125 0.975
vt 0.5125 0.775
vt 0.5125 0.975
vt 0.54583 0.775
vt 0.5125 0.975
vt 0.54583 0.975
vt 0.54583 0.775
vt 0.54583 0.775
vt 0.54583 0.975
vt 0.57917 0.775
vt 0.54583 0.975
vt 0.57917 0.975
vt 0.57917 0.775
vt 0.57917 0.775
vt 0.57917 0.975
vt 0.6125 0.775
vt 0.57917 0.975
vt 0.6125 0.975
vt 0.6125 0.775
vt 0.5125 0.775
vt 0.5125 0.975
vt 0.54583 0.775
vt 0.5125 0.975
vt 0.54583 0.975
vt 0.54583 0.775
vt 0.54583 0.775
vt 0.54583 0.975
vt 0.57917 0.775
vt 0.54583 0.975
vt 0.57917 0.975
vt 0.57917 0.775
vt 0.57917 0.775
vt 0.57917 0.975
vt 0.6125 0.775
vt 0.57917 0.975
vt 0.6125 0.975
vt 0.6125 0.775
vt 0.3125 0.775
vt 0.3125 0.975
vt 0.32917 0.975
vt 0.32917 0.775
vt 0.3125 0.775
vt 0.32917 0.975
vt 0.32917 0.775
vt 0.32917 0.975
vt 0.34583 0.975
vt 0.34583 0.775
vt 0.32917 0.775
vt 0.34583 0.975
vt 0.34583 0.775
vt 0.34583 0.975
vt 0.3625 0.975
vt 0.3625 0.775
vt 0.34583 0.775
vt 0.3625 0.975
vt 0.2625 0.775
vt 0.2625 0.975
vt 0.27917 0.975
vt 0.27917 0.775
vt 0.2625 0.775
vt 0.27917 0.975
vt 0.27917 0.775
vt 0.27917 0.975
vt 0.29583 0.975
vt 0.29583 0.775
vt 0.27917 0.775
vt 0.29583 0.975
vt 0.29583 0.775
vt 0.29583 0.975
vt 0.3125 0.975
vt 0.3125 0.775
vt 0.29583 0.775
vt 0.3125 0.975
vt 0.3125 0.775
vt 0.3125 0.975
vt 0.32917 0.775
vt 0.3125 0.975
vt 0.32917 0.975
vt 0.32917 0.775
vt 0.32917 0.775
vt 0.32917 0.975
vt 0.34583 0.775
vt 0.32917 0.975
vt 0.34583 0.975
vt 0.34583 0.775
vt 0.34583 0.775
vt 0.34583 0.975
vt 0.3625 0.775
vt 0.34583 0.975
vt 0.3625 0.975
vt 0.3625 0.775
vt 0.2625 0.775
vt 0.2625 0.975
vt 0.27917 0.775
vt 0.2625 0.975
vt 0.27917 0.975
vt 0.27917 0.775
vt 0.27917 0.775
vt 0.27917 0.975
vt 0.29583 0.775
vt 0.27917 0.975
vt 0.29583 0.975
vt 0.29583 0.775
vt 0.29583 0.775
vt 0.29583 0.975
vt 0.3125 0.775
vt 0.29583 0.975
vt 0.3125 0.975
vt 0.3125 0.775
vt 0.2625 0.775
vt 0.2625 0.975
vt 0.29583 0.975
vt 0.29583 0.775
vt 0.2625 0.775
vt 0.29583 0.975
vt 0.29583 0.775
vt 0.29583 0.975
vt 0.32917 0.975
vt 0.32917 0.775
vt 0.29583 0.775
vt 0.32917 0.975
vt 0.32917 0.775
vt 0.32917 0.975
vt 0.3625 0.975
vt 0.3625 0.775
vt 0.32917 0.775
vt 0.3625 0.975
vt 0.2625 0.775
vt 0.2625 0.975
vt 0.29583 0.975
vt 0.29583 0.775
vt 0.2625 0.775
vt 0.29583 0.975
vt 0.29583 0.775
vt 0.29583 0.975
vt 0.32917 0.975
vt 0.32917 0.775
vt 0.29583 0.775
vt 0.32917 0.975
vt 0.32917 0.775
vt 0.32917 0.975
vt 0.3625 0.975
vt 0.3625 0.775
vt 0.32917 0.775
vt 0.3625 0.975
vt 0.2625 0.775
vt 0.2625 0.975
vt 0.29583 0.775
vt 0.2625 0.975
vt 0.29583 0.975
vt 0.29583 0.775
vt 0.29583 0.775
vt 0.29583 0.975
vt 0.32917 0.775
vt 0.29583 0.975
vt 0.32917 0.975
vt 0.32917 0.775
vt 0.32917 0.775
vt 0.32917 0.975
vt 0.3625 0.775
vt 0.32917 0.975
vt 0.3625 0.975
vt 0.3625 0.775
vt 0.2625 0.775
vt 0.2625 0.975
vt 0.29583 0.775
vt 0.2625 0.975
vt 0.29583 0.975
vt 0.29583 0.775
vt 0.29583 0.775
vt 0.29583 0.975
vt 0.32917 0.775
vt 0.29583 0.975
vt 0.32917 0.975
vt 0.32917 0.775
vt 0.32917 0.775
vt 0.32917 0.975
vt 0.3625 0.775
vt 0.32917 0.975
vt 0.3625 0.975
vt 0.3625 0.775
vt 0.3125 0.775
vt 0.3125 0.975
vt 0.32917 0.975
vt 0.32917 0.775
vt 0.3125 0.775
vt 0.32917 0.975
vt 0.32917 0.775
vt 0.32917 0.975
vt 0.34583 0.975
vt 0.34583 0.775
vt 0.32917 0.775
vt 0.34583 0.975
vt 0.34583 0.775
vt 0.34583 0.975
vt 0.3625 0.975
vt 0.3625 0.775
vt 0.34583 0.775
vt 0.3625 0.975
vt 0.2625 0.775
vt 0.2625 0.975
vt 0.27917 0.975
vt 0.27917 0.775
vt 0.2625 0.775
vt 0.27917 0.975
vt 0.27917 0.775
vt 0.27917 0.975
vt 0.29583 0.975
vt 0.29583 0.775
vt 0.27917 0.775
vt 0.29583 0.975
vt 0.29583 0.775
vt 0.29583 0.975
vt 0.3125 0.975
vt 0.3125 0.775
vt 0.29583 0.775
vt 0.3125 0.975
vt 0.3125 0.775
vt 0.3125 0.975
vt 0.32917 0.775
vt 0.3125 0.975
vt 0.32917 0.975
vt 0.32917 0.775
vt 0.32917 0.775
vt 0.32917 0.975
vt 0.34583 0.775
vt 0.32917 0.975
vt 0.34583 0.975
vt 0.34583 0.775
vt 0.34583 0.775
vt 0.34583 0.975
vt 0.3625 0.775
vt 0.34583 0.975
vt 0.3625 0.975
vt 0.3625 0.775
vt 0.2625 0.775
vt 0.2625 0.975
vt 0.27917 0.775
vt 0.2625 0.975
vt 0.27917 0.975
vt 0.27917 0.775
vt 0.27917 0.775
vt 0.27917 0.975
vt 0.29583 0.775
vt 0.27917 0.975
vt 0.29583 0.975
vt 0.29583 0.775
vt 0.29583 0.775
vt 0.29583 0.975
vt 0.3125 0.775
vt 0.29583 0.975
vt 0.3125 0.975
vt 0.3125 0.775
vt 0.0125 0.525
vt 0.0125 0.725
vt 0.04583 0.725
vt 0.04583 0.525
vt 0.0125 0.525
vt 0.04583 0.725
vt 0.04583 0.525
vt 0.04583 0.725
vt 0.07917 0.725
vt 0.07917 0.525
vt 0.04583 0.525
vt 0.07917 0.725
vt 0.07917 0.525
vt 0.07917 0.725
vt 0.1125 0.725
vt 0.1125 0.525
vt 0.07917 0.525
vt 0.1125 0.725
vt 0.0125 0.525
vt 0.0125 0.725
vt 0.04583 0.725
vt 0.04583 0.525
vt 0.0125 0.525
vt 0.04583 0.725
vt 0.04583 0.525
vt 0.04583 0.725
vt 0.07917 0.725
vt 0.07917 0.525
vt 0.04583 0.525
vt 0.07917 0.725
vt 0.07917 0.525
vt 0.07917 0.725
vt 0.1125 0.725
vt 0.1125 0.525
vt 0.07917 0.525
vt 0.1125 0.725
vt 0.0125 0.525
vt 0.0125 0.725
vt 0.04583 0.525
vt 0.0125 0.725
vt 0.04583 0.725
vt 0.04583 0.525
vt 0.04583 0.525
vt 0.04583 0.725
vt 0.07917 0.525
vt 0.04583 0.725
vt 0.07917 0.725
vt 0.07917 0.525
vt 0.07917 0.525
vt 0.07917 0.725
vt 0.1125 0.525
vt 0.07917 0.725
vt 0.1125 0.725
vt 0.1125 0.525
vt 0.0125 0.525
vt 0.0125 0.725
vt 0.04583 0.525
vt 0.0125 0.725
vt 0.04583 0.725
vt 0.04583 0.525
vt 0.04583 0.525
vt 0.04583 0.725
vt 0.07917 0.525
vt 0.04583 0.725
vt 0.07917 0.725
vt 0.07917 0.525
vt 0.07917 0.525
vt 0.07917 0.725
vt 0.1125 0.525
vt 0.07917 0.725
vt 0.1125 0.725
vt 0.1125 0.525
vt 0.3125 0.775
vt 0.3125 0.975
vt 0.32917 0.975
vt 0.32917 0.775
vt 0.3125 0.775
vt 0.32917 0.975
vt 0.32917 0.775
vt 0.32917 0.975
vt 0.34583 0.975
vt 0.34583 0.775
vt 0.32917 0.775
vt 0.34583 0.975
vt 0.34583 0.775
vt 0.34583 0.975
vt 0.3625 0.975
vt 0.3625 0.775
vt 0.34583 0.775
vt 0.3625 0.975
vt 0.2625 0.775
vt 0.2625 0.975
vt 0.27917 0.975
vt 0.27917 0.775
vt 0.2625 0.775
vt 0.27917 0.975
vt 0.27917 0.775
vt 0.27917 0.975
vt 0.29583 0.975
vt 0.29583 0.775
vt 0.27917 0.775
vt 0.29583 0.975
vt 0.29583 0.775
vt 0.29583 0.975
vt 0.3125 0.975
vt 0.3125 0.775
vt 0.29583 0.775
vt 0.3125 0.975
vt 0.3125 0.775
vt 0.3125 0.975
vt 0.32917 0.775
vt 0.3125 0.975
vt 0.32917 0.975
vt 0.32917 0.775
vt 0.32917 0.775
vt 0.32917 0.975
vt 0.34583 0.775
vt 0.32917 0.975
vt 0.34583 0.975
vt 0.34583 0.775
vt 0.34583 0.775
vt 0.34583 0.975
vt 0.3625 0.775
vt 0.34583 0.975
vt 0.3625 0.975
vt 0.3625 0.775
vt 0.2625 0.775
vt 0.2625 0.975
vt 0.27917 0.775
vt 0.2625 0.975
vt 0.27917 0.975
vt 0.27917 0.775
vt 0.27917 0.775
vt 0.27917 0.975
vt 0.29583 0.775
vt 0.27917 0.975
vt 0.29583 0.975
vt 0.29583 0.775
vt 0.29583 0.775
vt 0.29583 0.975
vt 0.3125 0.775
vt 0.29583 0.975
vt 0.3125 0.975
vt 0.3125 0.775
vt 0.2625 0.775
vt 0.2625 0.975
vt 0.29583 0.975
vt 0.29583 0.775
vt 0.2625 0.775
vt 0.29583 0.975
vt 0.29583 0.775
vt 0.29583 0.975
vt 0.32917 0.975
vt 0.32917 0.775
vt 0.29583 0.775
vt 0.32917 0.975
vt 0.32917 0.775
vt 0.32917 0.975
vt 0.3625 0.975
vt 0.3625 0.775
vt 0.32917 0.775
vt 0.3625 0.975
vt 0.2625 0.775
vt 0.2625 0.975
vt 0.29583 0.975
vt 0.29583 0.775
vt 0.2625 0.775
vt 0.29583 0.975
vt 0.29583 0.775
vt 0.29583 0.975
vt 0.32917 0.975
vt 0.32917 0.775
vt 0.29583 0.775
vt 0.32917 0.975
vt 0.32917 0.775
vt 0.32917 0.975
vt 0.3625 0.975
vt 0.3625 0.775
vt 0.32917 0.775
vt 0.3625 0.975
vt 0.2625 0.775
vt 0.2625 0.975
vt 0.29583 0.775
vt 0.2625 0.975
vt 0.29583 0.975
vt 0.29583 0.775
vt 0.29583 0.775
vt 0.29583 0.975
vt 0.32917 0.775
vt 0.29583 0.975
vt 0.32917 0.975
vt 0.32917 0.775
vt 0.32917 0.775
vt 0.32917 0.975
vt 0.3625 0.775
vt 0.32917 0.975
vt 0.3625 0.975
vt 0.3625 0.775
vt 0.2625 0.775
vt 0.2625 0.975
vt 0.29583 0.775
vt 0.2625 0.975
vt 0.29583 0.975
vt 0.29583 0.775
vt 0.29583 0.775
vt 0.29583 0.975
vt 0.32917 0.775
vt 0.29583 0.975
vt 0.32917 0.975
vt 0.32917 0.775
vt 0.32917 0.775
vt 0.32917 0.975
vt 0.3625 0.775
vt 0.32917 0.975
vt 0.3625 0.975
vt 0.3625 0.775
vt 0.3125 0.775
vt 0.3125 0.975
vt 0.32917 0.975
vt 0.32917 0.775
vt 0.3125 0.775
vt 0.32917 0.975
vt 0.32917 0.775
vt 0.32917 0.975
vt 0.34583 0.975
vt 0.34583 0.775
vt 0.32917 0.775
vt 0.34583 0.975
vt 0.34583 0.775
vt 0.34583 0.975
vt 0.3625 0.975
vt 0.3625 0.775
vt 0.34583 0.775
vt 0.3625 0.975
vt 0.2625 0.775
vt 0.2625 0.975
vt 0.27917 0.975
vt 0.27917 0.775
vt 0.2625 0.775
vt 0.27917 0.975
vt 0.27917 0.775
vt 0.27917 0.975
vt 0.29583 0.975
vt 0.29583 0.775
vt 0.27917 0.775
vt 0.29583 0.975
vt 0.29583 0.775
vt 0.29583 0.975
vt 0.3125 0.975
vt 0.3125 0.775
vt 0.29583 0.775
vt 0.3125 0.975
vt 0.3125 0.775
vt 0.3125 0.975
vt 0.32917 0.775
vt 0.3125 0.975
vt 0.32917 0.975
vt 0.32917 0.775
vt 0.32917 0.775
vt 0.32917 0.975
vt 0.34583 0.775
vt 0.32917 0.975
vt 0.34583 0.975
vt 0.34583 0.775
vt 0.34583 0.775
vt 0.34583 0.975
vt 0.3625 0.775
vt 0.34583 0.975
vt 0.3625 0.975
vt 0.3625 0.775
vt 0.2625 0.775
vt 0.2625 0.975
vt 0.27917 0.775
vt 0.2625 0.975
vt 0.27917 0.975
vt 0.27917 0.775
vt 0.27917 0.775
vt 0.27917 0.975
vt 0.29583 0.775
vt 0.27917 0.975
vt 0.29583 0.975
vt 0.29583 0.775
vt 0.29583 0.775
vt 0.29583 0.975
vt 0.3125 0.775
vt 0.29583 0.975
vt 0.3125 0.975
vt 0.3125 0.775
vt 0.5125 0.775
vt 0.5125 0.975
vt 0.54583 0.975
vt 0.54583 0.775
vt 0.5125 0.775
vt 0.54583 0.975
vt 0.54583 0.775
vt 0.54583 0.975
vt 0.57917 0.975
vt 0.57917 0.775
vt 0.54583 0.775
vt 0.57917 0.975
vt 0.57917 0.775
vt 0.57917 0.975
vt 0.6125 0.975
vt 0.6125 0.775
vt 0.57917 0.775
vt 0.6125 0.975
vt 0.5125 0.775
vt 0.5125 0.975
vt 0.54583 0.975
vt 0.54583 0.775
vt 0.5125 0.775
vt 0.54583 0.975
vt 0.54583 0.775
vt 0.54583 0.975
vt 0.57917 0.975
vt 0.57917 0.775
vt 0.54583 0.775
vt 0.57917 0.975
vt 0.57917 0.775
vt 0.57917 0.975
vt 0.6125 0.975
vt 0.6125 0.775
vt 0.57917 0.775
vt 0.6125 0.975
vt 0.5125 0.775
vt 0.5125 0.975
vt 0.54583 0.775
vt 0.5125 0.975
vt 0.54583 0.975
vt 0.54583 0.775
vt 0.54583 0.775
vt 0.54583 0.975
vt 0.57917 0.775
vt 0.54583 0.975
vt 0.57917 0.975
vt 0.57917 0.775
vt 0.57917 0.775
vt 0.57917 0.975
vt 0.6125 0.775
vt 0.57917 0.975
vt 0.6125 0.975
vt 0.6125 0.775
vt 0.5125 0.775
vt 0.5125 0.975
vt 0.54583 0.775
vt 0.5125 0.975
vt 0.54583 0.975
vt 0.54583 0.775
vt 0.54583 0.775
vt 0.54583 0.975
vt 0.57917 0.775
vt 0.54583 0.975
vt 0.57917 0.975
vt 0.57917 0.775
vt 0.57917 0.775
vt 0.57917 0.975
vt 0.6125 0.775
vt 0.57917 0.975
vt 0.6125 0.975
vt 0.6125 0.775
vt 0.3125 0.775
vt 0.3125 0.975
vt 0.32917 0.975
vt 0.32917 0.775
vt 0.3125 0.775
vt 0.32917 0.975
vt 0.32917 0.775
vt 0.32917 0.975
vt 0.34583 0.975
vt 0.34583 0.775
vt 0.32917 0.775
vt 0.34583 0.975
vt 0.34583 0.775
vt 0.34583 0.975
vt 0.3625 0.975
vt 0.3625 0.775
vt 0.34583 0.775
vt 0.3625 0.975
vt 0.2625 0.775
vt 0.2625 0.975
vt 0.27917 0.975
vt 0.27917 0.775
vt 0.2625 0.775
vt 0.27917 0.975
vt 0.27917 0.775
vt 0.27917 0.975
vt 0.29583 0.975
vt 0.29583 0.775
vt 0.27917 0.775
vt 0.29583 0.975
vt 0.29583 0.775
vt 0.29583 0.975
vt 0.3125 0.975
vt 0.3125 0.775
vt 0.29583 0.775
vt 0.3125 0.975
vt 0.3125 0.775
vt 0.3125 0.975
vt 0.32917 0.775
vt 0.3125 0.975
vt 0.32917 0.975
vt 0.32917 0.775
vt 0.32917 0.775
vt 0.32917 0.975
vt 0.34583 0.775
vt 0.32917 0.975
vt 0.34583 0.975
vt 0.34583 0.775
vt 0.34583 0.775
vt 0.34583 0.975
vt 0.3625 0.775
vt 0.34583 0.975
vt 0.3625 0.975
vt 0.3625 0.775
vt 0.2625 0.775
vt 0.2625 0.975
vt 0.27917 0.775
vt 0.2625 0.975
vt 0.27917 0.975
vt 0.27917 0.775
vt 0.27917 0.775
vt 0.27917 0.975
vt 0.29583 0.775
vt 0.27917 0.975
vt 0.29583 0.975
vt 0.29583 0.775
vt 0.29583 0.775
vt 0.29583 0.975
vt 0.3125 0.775
vt 0.29583 0.975
vt 0.3125 0.975
vt 0.3125 0.775
vt 0.2625 0.775
vt 0.2625 0.975
vt 0.29583 0.975
vt 0.29583 0.775
vt 0.2625 0.775
vt 0.29583 0.975
vt 0.29583 0.775
vt 0.29583 0.975
vt 0.32917 0.975
vt 0.32917 0.775
vt 0.29583 0.775
vt 0.32917 0.975
vt 0.32917 0.775
vt 0.32917 0.975
vt 0.3625 0.975
vt 0.3625 0.775
vt 0.32917 0.775
vt 0.3625 0.975
vt 0.2625 0.775
vt 0.2625 0.975
vt 0.29583 0.975
vt 0.29583 0.775
vt 0.2625 0.775
vt 0.29583 0.975
vt 0.29583 0.775
vt 0.29583 0.975
vt 0.32917 0.975
vt 0.32917 0.775
vt 0.29583 0.775
vt 0.32917 0.975
vt 0.32917 0.775
vt 0.32917 0.975
vt 0.3625 0.975
vt 0.3625 0.775
vt 0.32917 0.775
vt 0.3625 0.975
vt 0.2625 0.775
vt 0.2625 0.975
vt 0.29583 0.775
vt 0.2625 0.975
vt 0.29583 0.975
vt 0.29583 0.775
vt 0.29583 0.775
vt 0.29583 0.975
vt 0.32917 0.775
vt 0.29583 0.975
vt 0.32917 0.975
vt 0.32917 0.775
vt 0.32917 0.775
vt 0.32917 0.975
vt 0.3625 0.775
vt 0.32917 0.975
vt 0.3625 0.975
vt 0.3625 0.775
vt 0.2625 0.775
vt 0.2625 0.975
vt 0.29583 0.775
vt 0.2625 0.975
vt 0.29583 0.975
vt 0.29583 0.775
vt 0.29583 0.775
vt 0.29583 0.975
vt 0.32917 0.775
vt 0.29583 0.975
vt 0.32917 0.975
vt 0.32917 0.775
vt 0.32917 0.775
vt 0.32917 0.975
vt 0.3625 0.775
vt 0.32917 0.975
vt 0.3625 0.975
vt 0.3625 0.775
vt 0.3125 0.775
vt 0.3125 0.975
vt 0.32917 0.975
vt 0.32917 0.775
vt 0.3125 0.775
vt 0.32917 0.975
vt 0.32917 0.775
vt 0.32917 0.975
vt 0.34583 0.975
vt 0.34583 0.775
vt 0.32917 0.775
vt 0.34583 0.975
vt 0.34583 0.775
vt 0.34583 0.975
vt 0.3625 0.975
vt 0.3625 0.775
vt 0.34583 0.775
vt 0.3625 0.975
vt 0.2625 0.775
vt 0.2625 0.975
vt 0.27917 0.975
vt 0.27917 0.775
vt 0.2625 0.775
vt 0.27917 0.975
vt 0.27917 0.775
vt 0.27917 0.975
vt 0.29583 0.975
vt 0.29583 0.775
vt 0.27917 0.775
vt 0.29583 0.975
vt 0.29583 0.775
vt 0.29583 0.975
vt 0.3125 0.975
vt 0.3125 0.775
vt 0.29583 0.775
vt 0.3125 0.975
vt 0.3125 0.775
vt 0.3125 0.975
vt 0.32917 0.775
vt 0.3125 0.975
vt 0.32917 0.975
vt 0.32917 0.775
vt 0.32917 0.775
vt 0.32917 0.975
vt 0.34583 0.775
vt 0.32917 0.975
vt 0.34583 0.975
vt 0.34583 0.775
vt 0.34583 0.775
vt 0.34583 0.975
vt 0.3625 0.775
vt 0.34583 0.975
vt 0.3625 0.975
vt 0.3625 0.775
vt 0.2625 0.775
vt 0.2625 0.975
vt 0.27917 0.775
vt 0.2625 0.975
vt 0.27917 0.975
vt 0.27917 0.775
vt 0.27917 0.775
vt 0.27917 0.975
vt 0.29583 0.775
vt 0.27917 0.975
vt 0.29583 0.975
vt 0.29583 0.775
vt 0.29583 0.775
vt 0.29583 0.975
vt 0.3125 0.775
vt 0.29583 0.975
vt 0.3125 0.975
vt 0.3125 0.775
vt 0.3125 0.775
vt 0.3125 0.975
vt 0.32917 0.975
vt 0.32917 0.775
vt 0.3125 0.775
vt 0.32917 0.975
vt 0.32917 0.775
vt 0.32917 0.975
vt 0.34583 0.975
vt 0.34583 0.775
vt 0.32917 0.775
vt 0.34583 0.975
vt 0.34583 0.775
vt 0.34583 0.975
vt 0.3625 0.975
vt 0.3625 0.775
vt 0.34583 0.775
vt 0.3625 0.975
vt 0.2625 0.775
vt 0.2625 0.975
vt 0.27917 0.975
vt 0.27917 0.775
vt 0.2625 0.775
vt 0.27917 0.975
vt 0.27917 0.775
vt 0.27917 0.975
vt 0.29583 0.975
vt 0.29583 0.775
vt 0.27917 0.775
vt 0.29583 0.975
vt 0.29583 0.775
vt 0.29583 0.975
vt 0.3125 0.975
vt 0.3125 0.775
vt 0.29583 0.775
vt 0.3125 0.975
vt 0.3125 0.775
vt 0.3125 0.975
vt 0.32917 0.775
vt 0.3125 0.975
vt 0.32917 0.975
vt 0.32917 0.775
vt 0.32917 0.775
vt 0.32917 0.975
vt 0.34583 0.775
vt 0.32917 0.975
vt 0.34583 0.975
vt 0.34583 0.775
vt 0.34583 0.775
vt 0.34583 0.975
vt 0.3625 0.775
vt 0.34583 0.975
vt 0.3625 0.975
vt 0.3625 0.775
vt 0.2625 0.775
vt 0.2625 0.975
vt 0.27917 0.775
vt 0.2625 0.975
vt 0.27917 0.975
vt 0.27917 0.775
vt 0.27917 0.775
vt 0.27917 0.975
vt 0.29583 0.775
vt 0.27917 0.975
vt 0.29583 0.975
vt 0.29583 0.775
vt 0.29583 0.775
vt 0.29583 0.975
vt 0.3125 0.775
vt 0.29583 0.975
vt 0.3125 0.975
vt 0.3125 0.775
vt 0.4375 0.775
vt 0.4375 0.975
vt 0.4875 0.975
vt 0.4875 0.775
vt 0.4375 0.775
vt 0.4875 0.975
vt 0.3875 0.775
vt 0.3875 0.975
vt 0.4375 0.975
vt 0.4375 0.775
vt 0.3875 0.775
vt 0.4375 0.975
vt 0.4375 0.775
vt 0.4375 0.975
vt 0.4875 0.775
vt 0.4375 0.975
vt 0.4875 0.975
vt 0.4875 0.775
vt 0.3875 0.775
vt 0.3875 0.975
vt 0.4375 0.775
vt 0.3875 0.975
vt 0.4375 0.975
vt 0.4375 0.775
vt 0.3875 0.775
vt 0.3875 0.975
vt 0.4875 0.975
vt 0.4875 0.775
vt 0.3875 0.775
vt 0.4875 0.975
vt 0.3875 0.775
vt 0.3875 0.975
vt 0.4875 0.975
vt 0.4875 0.775
vt 0.3875 0.775
vt 0.4875 0.975
vt 0.3875 0.775
vt 0.3875 0.975
vt 0.4875 0.775
vt 0.3875 0.975
vt 0.4875 0.975
vt 0.4875 0.775
vt 0.3875 0.775
vt 0.3875 0.975
vt 0.4875 0.775
vt 0.3875 0.975
vt 0.4875 0.975
vt 0.4875 0.775
vt 0.3875 0.775
vt 0.3875 0.975
vt 0.4875 0.975
vt 0.4875 0.775
vt 0.3875 0.775
vt 0.4875 0.975
vt 0.3875 0.775
vt 0.3875 0.975
vt 0.4875 0.975
vt 0.4875 0.775
vt 0.3875 0.775
vt 0.4875 0.975
vt 0.3875 0.775
vt 0.3875 0.975
vt 0.4875 0.775
vt 0.3875 0.975
vt 0.4875 0.975
vt 0.4875 0.775
vt 0.3875 0.775
vt 0.3875 0.975
vt 0.4875 0.775
vt 0.3875 0.975
vt 0.4875 0.975
vt 0.4875 0.775
vt 0.4375 0.775
vt 0.4375 0.975
vt 0.4875 0.975
vt 0.4875 0.775
vt 0.4375 0.775
vt 0.4875 0.975
vt 0.3875 0.775
vt 0.3875 0.975
vt 0.4375 0.975
vt 0.4375 0.775
vt 0.3875 0.775
vt 0.4375 0.975
vt 0.4375 0.775
vt 0.4375 0.975
vt 0.4875 0.775
vt 0.4375 0.975
vt 0.4875 0.975
vt 0.4875 0.775
vt 0.3875 0.775
vt 0.3875 0.975
vt 0.4375 0.775
vt 0.3875 0.975
vt 0.4375 0.975
vt 0.4375 0.775
vt 0.3125 0.775
vt 0.3125 0.975
vt 0.3625 0.975
vt 0.3625 0.775
vt 0.3125 0.775
vt 0.3625 0.975
vt 0.2625 0.775
vt 0.2625 0.975
vt 0.3125 0.975
vt 0.3125 0.775
vt 0.2625 0.775
vt 0.3125 0.975
vt 0.3125 0.775
vt 0.3125 0.975
vt 0.3625 0.775
vt 0.3125 0.975
vt 0.3625 0.975
vt 0.3625 0.775
vt 0.2625 0.775
vt 0.2625 0.975
vt 0.3125 0.775
vt 0.2625 0.975
vt 0.3125 0.975
vt 0.3125 0.775
vt 0.2625 0.775
vt 0.2625 0.975
vt 0.3625 0.975
vt 0.3625 0.775
vt 0.2625 0.775
vt 0.3625 0.975
vt 0.2625 0.775
vt 0.2625 0.975
vt 0.3625 0.975
vt 0.3625 0.775
vt 0.2625 0.775
vt 0.3625 0.975
vt 0.2625 0.775
vt 0.2625 0.975
vt 0.3625 0.775
vt 0.2625 0.975
vt 0.3625 0.975
vt 0.3625 0.775
vt 0.2625 0.775
vt 0.2625 0.975
vt 0.3625 0.775
vt 0.2625 0.975
vt 0.3625 0.975
vt 0.3625 0.775
vt 0.2625 0.775
vt 0.2625 0.975
vt 0.3625 0.975
vt 0.3625 0.775
vt 0.2625 0.775
vt 0.3625 0.975
vt 0.2625 0.775
vt 0.2625 0.975
vt 0.3625 0.975
vt 0.3625 0.775
vt 0.2625 0.775
vt 0.3625 0.975
vt 0.2625 0.775
vt 0.2625 0.975
vt 0.3625 0.775
vt 0.2625 0.975
vt 0.3625 0.975
vt 0.3625 0.775
vt 0.2625 0.775
vt 0.2625 0.975
vt 0.3625 0.775
vt 0.2625 0.975
vt 0.3625 0.975
vt 0.3625 0.775
vt 0.3125 0.775
vt 0.3125 0.975
vt 0.3625 0.975
vt 0.3625 0.775
vt 0.3125 0.775
vt 0.3625 0.975
vt 0.2625 0.775
vt 0.2625 0.975
vt 0.3125 0.975
vt 0.3125 0.775
vt 0.2625 0.775
vt 0.3125 0.975
vt 0.3125 0.775
vt 0.3125 0.975
vt 0.3625 0.775
vt 0.3125 0.975
vt 0.3625 0.975
vt 0.3625 0.775
vt 0.2625 0.775
vt 0.2625 0.975
vt 0.3125 0.775
vt 0.2625 0.975
vt 0.3125 0.975
vt 0.3125 0.775
vt 0.3125 0.775
vt 0.3125 0.975
vt 0.3625 0.975
vt 0.3625 0.775
vt 0.3125 0.775
vt 0.3625 0.975
vt 0.2625 0.775
vt 0.2625 0.975
vt 0.3125 0.975
vt 0.3125 0.775
vt 0.2625 0.775
vt 0.3125 0.975
vt 0.3125 0.775
vt 0.3125 0.975
vt 0.3625 0.775
vt 0.3125 0.975
vt 0.3625 0.975
vt 0.3625 0.775
vt 0.2625 0.775
vt 0.2625 0.975
vt 0.3125 0.775
vt 0.2625 0.975
vt 0.3125 0.975
vt 0.3125 0.775
vt 0.2625 0.775
vt 0.2625 0.975
vt 0.3625 0.975
vt 0.3625 0.775
vt 0.2625 0.775
vt 0.3625 0.975
vt 0.2625 0.775
vt 0.2625 0.975
vt 0.3625 0.975
vt 0.3625 0.775
vt 0.2625 0.775
vt 0.3625 0.975
vt 0.2625 0.775
vt 0.2625 0.975
vt 0.3625 0.775
vt 0.2625 0.975
vt 0.3625 0.975
vt 0.3625 0.775
vt 0.2625 0.775
vt 0.2625 0.975
vt 0.3625 0.775
vt 0.2625 0.975
vt 0.3625 0.975
vt 0.3625 0.775
vt 0.2625 0.775
vt 0.2625 0.975
vt 0.3625 0.975
vt 0.3625 0.775
vt 0.2625 0.775
vt 0.3625 0.975
vt 0.2625 0.775
vt 0.2625 0.975
vt 0.3625 0.975
vt 0.3625 0.775
vt 0.2625 0.775
vt 0.3625 0.975
vt 0.2625 0.775
vt 0.2625 0.975
vt 0.3625 0.775
vt 0.2625 0.975
vt 0.3625 0.975
vt 0.3625 0.775
vt 0.2625 0.775
vt 0.2625 0.975
vt 0.3625 0.775
vt 0.2625 0.975
vt 0.3625 0.975
vt 0.3625 0.775
vt 0.3125 0.775
vt 0.3125 0.975
vt 0.3625 0.975
vt 0.3625 0.775
vt 0.3125 0.775
vt 0.3625 0.975
vt 0.2625 0.775
vt 0.2625 0.975
vt 0.3125 0.975
vt 0.3125 0.775
vt 0.2625 0.775
vt 0.3125 0.975
vt 0.3125 0.775
vt 0.3125 0.975
vt 0.3625 0.775
vt 0.3125 0.975
vt 0.3625 0.975
vt 0.3625 0.775
vt 0.2625 0.775
vt 0.2625 0.975
vt 0.3125 0.775
vt 0.2625 0.975
vt 0.3125 0.975
vt 0.3125 0.775
vt 0.3125 0.775
vt 0.3125 0.975
vt 0.3625 0.975
vt 0.3625 0.775
vt 0.3125 0.775
vt 0.3625 0.975
vt 0.2625 0.775
vt 0.2625 0.975
vt 0.3125 0.975
vt 0.3125 0.775
vt 0.2625 0.775
vt 0.3125 0.975
vt 0.3125 0.775
vt 0.3125 0.975
vt 0.3625 0.775
vt 0.3125 0.975
vt 0.3625 0.975
vt 0.3625 0.775
vt 0.2625 0.775
vt 0.2625 0.975
vt 0.3125 0.775
vt 0.2625 0.975
vt 0.3125 0.975
vt 0.3125 0.775
vt 0.3125 0.775
vt 0.3125 0.975
vt 0.3625 0.975
vt 0.3625 0.775
vt 0.3125 0.775
vt 0.3625 0.975
vt 0.2625 0.775
vt 0.2625 0.975
vt 0.3125 0.975
vt 0.3125 0.775
vt 0.2625 0.775
vt 0.3125 0.975
vt 0.3125 0.775
vt 0.3125 0.975
vt 0.3625 0.775
vt 0.3125 0.975
vt 0.3625 0.975
vt 0.3625 0.775
vt 0.2625 0.775
vt 0.2625 0.975
vt 0.3125 0.775
vt 0.2625 0.975
vt 0.3125 0.975
vt 0.3125 0.775
vt 0.2625 0.775
vt 0.2625 0.975
vt 0.3625 0.975
vt 0.3625 0.775
vt 0.2625 0.775
vt 0.3625 0.975
vt 0.2625 0.775
vt 0.2625 0.975
vt 0.3625 0.975
vt 0.3625 0.775
vt 0.2625 0.775
vt 0.3625 0.975
vt 0.2625 0.775
vt 0.2625 0.975
vt 0.3625 0.775
vt 0.2625 0.975
vt 0.3625 0.975
vt 0.3625 0.775
vt 0.2625 0.775
vt 0.2625 0.975
vt 0.3625 0.775
vt 0.2625 0.975
vt 0.3625 0.975
vt 0.3625 0.775
vt 0.2625 0.775
vt 0.2625 0.975
vt 0.3625 0.975
vt 0.3625 0.775
vt 0.2625 0.775
vt 0.3625 0.975
vt 0.2625 0.775
vt 0.2625 0.975
vt 0.3625 0.975
vt 0.3625 0.775
vt 0.2625 0.775
vt 0.3625 0.975
vt 0.2625 0.775
vt 0.2625 0.975
vt 0.3625 0.775
vt 0.2625 0.975
vt 0.3625 0.975
vt 0.3625 0.775
vt 0.2625 0.775
vt 0.2625 0.975
vt 0.3625 0.775
vt 0.2625 0.975
vt 0.3625 0.975
vt 0.3625 0.775
vt 0.3125 0.775
vt 0.3125 0.975
vt 0.3625 0.975
vt 0.3625 0.775
vt 0.3125 0.775
vt 0.3625 0.975
vt 0.2625 0.775
vt 0.2625 0.975
vt 0.3125 0.975
vt 0.3125 0.775
vt 0.2625 0.775
vt 0.3125 0.975
vt 0.3125 0.775
vt 0.3125 0.975
vt 0.3625 0.775
vt 0.3125 0.975
vt 0.3625 0.975
vt 0.3625 0.775
vt 0.2625 0.775
vt 0.2625 0.975
vt 0.3125 0.775
vt 0.2625 0.975
vt 0.3125 0.975
vt 0.3125 0.775
vt 0.4375 0.775
vt 0.4375 0.975
vt 0.4875 0.975
vt 0.4875 0.775
vt 0.4375 0.775
vt 0.4875 0.975
vt 0.3875 0.775
vt 0.3875 0.975
vt 0.4375 0.975
vt 0.4375 0.775
vt 0.3875 0.775
vt 0.4375 0.975
vt 0.4375 0.775
vt 0.4375 0.975
vt 0.4875 0.775
vt 0.4375 0.975
vt 0.4875 0.975
vt 0.4875 0.775
vt 0.3875 0.775
vt 0.3875 0.975
vt 0.4375 0.775
vt 0.3875 0.975
vt 0.4375 0.975
vt 0.4375 0.775
vt 0.3875 0.775
vt 0.3875 0.975
vt 0.4875 0.975
vt 0.4875 0.775
vt 0.3875 0.775
vt 0.4875 0.975
vt 0.3875 0.775
vt 0.3875 0.975
vt 0.4875 0.975
vt 0.4875 0.775
vt 0.3875 0.775
vt 0.4875 0.975
vt 0.3875 0.775
vt 0.3875 0.975
vt 0.4875 0.775
vt 0.3875 0.975
vt 0.4875 0.975
vt 0.4875 0.775
vt 0.3875 0.775
vt 0.3875 0.975
vt 0.4875 0.775
vt 0.3875 0.975
vt 0.4875 0.975
vt 0.4875 0.775
vt 0.3875 0.775
vt 0.3875 0.975
vt 0.4875 0.975
vt 0.4875 0.775
vt 0.3875 0.775
vt 0.4875 0.975
vt 0.3875 0.775
vt 0.3875 0.975
vt 0.4875 0.975
vt 0.4875 0.775
vt 0.3875 0.775
vt 0.4875 0.975
vt 0.3875 0.775
vt 0.3875 0.975
vt 0.4875 0.775
vt 0.3875 0.975
vt 0.4875 0.975
vt 0.4875 0.775
vt 0.3875 0.775
vt 0.3875 0.975
vt 0.4875 0.775
vt 0.3875 0.975
vt 0.4875 0.975
vt 0.4875 0.775
vt 0.4375 0.775
vt 0.4375 0.975
vt 0.4875 0.975
vt 0.4875 0.775
vt 0.4375 0.775
vt 0.4875 0.975
vt 0.3875 0.775
vt 0.3875 0.975
vt 0.4375 0.975
vt 0.4375 0.775
vt 0.3875 0.775
vt 0.4375 0.975
vt 0.4375 0.775
vt 0.4375 0.975
vt 0.4875 0.775
vt 0.4375 0.975
vt 0.4875 0.975
vt 0.4875 0.775
vt 0.3875 0.775
vt 0.3875 0.975
vt 0.4375 0.775
vt 0.3875 0.975
vt 0.4375 0.975
vt 0.4375 0.775
vt 0.4375 0.775
vt 0.4375 0.975
vt 0.4875 0.975
vt 0.4875 0.775
vt 0.4375 0.775
vt 0.4875 0.975
vt 0.3875 0.775
vt 0.3875 0.975
vt 0.4375 0.975
vt 0.4375 0.775
vt 0.3875 0.775
vt 0.4375 0.975
vt 0.4375 0.775
vt 0.4375 0.975
vt 0.4875 0.775
vt 0.4375 0.975
vt 0.4875 0.975
vt 0.4875 0.775
vt 0.3875 0.775
vt 0.3875 0.975
vt 0.4375 0.775
vt 0.3875 0.975
vt 0.4375 0.975
vt 0.4375 0.775
vt 0.4375 0.775
vt 0.4375 0.975
vt 0.4875 0.975
vt 0.4875 0.775
vt 0.4375 0.775
vt 0.4875 0.975
vt 0.3875 0.775
vt 0.3875 0.975
vt 0.4375 0.975
vt 0.4375 0.775
vt 0.3875 0.775
vt 0.4375 0.975
vt 0.4375 0.775
vt 0.4375 0.975
vt 0.4875 0.775
vt 0.4375 0.975
vt 0.4875 0.975
vt 0.4875 0.775
vt 0.3875 0.775
vt 0.3875 0.975
vt 0.4375 0.775
vt 0.3875 0.975
vt 0.4375 0.975
vt 0.4375 0.775
vt 0.3875 0.775
vt 0.3875 0.975
vt 0.4875 0.975
vt 0.4875 0.775
vt 0.3875 0.775
vt 0.4875 0.975
vt 0.3875 0.775
vt 0.3875 0.975
vt 0.4875 0.975
vt 0.4875 0.775
vt 0.3875 0.775
vt 0.4875 0.975
vt 0.3875 0.775
vt 0.3875 0.975
vt 0.4875 0.775
vt 0.3875 0.975
vt 0.4875 0.975
vt 0.4875 0.775
vt 0.3875 0.775
vt 0.3875 0.975
vt 0.4875 0.775
vt 0.3875 0.975
vt 0.4875 0.975
vt 0.4875 0.775
vt 0.3875 0.775
vt 0.3875 0.975
vt 0.4875 0.975
vt 0.4875 0.775
vt 0.3875 0.775
vt 0.4875 0.975
vt 0.3875 0.775
vt 0.3875 0.975
vt 0.4875 0.975
vt 0.4875 0.775
vt 0.3875 0.775
vt 0.4875 0.975
vt 0.3875 0.775
vt 0.3875 0.975
vt 0.4875 0.775
vt 0.3875 0.975
vt 0.4875 0.975
vt 0.4875 0.775
vt 0.3875 0.775
vt 0.3875 0.975
vt 0.4875 0.775
vt 0.3875 0.975
vt 0.4875 0.975
vt 0.4875 0.775
vt 0.4375 0.775
vt 0.4375 0.975
vt 0.4875 0.975
vt 0.4875 0.775
vt 0.4375 0.775
vt 0.4875 0.975
vt 0.3875 0.775
vt 0.3875 0.975
vt 0.4375 0.975
vt 0.4375 0.775
vt 0.3875 0.775
vt 0.4375 0.975
vt 0.4375 0.775
vt 0.4375 0.975
vt 0.4875 0.775
vt 0.4375 0.975
vt 0.4875 0.975
vt 0.4875 0.775
vt 0.3875 0.775
vt 0.3875 0.975
vt 0.4375 0.775
vt 0.3875 0.975
vt 0.4375 0.975
vt 0.4375 0.775
vt 0.4375 0.775
vt 0.4375 0.975
vt 0.4875 0.975
vt 0.4875 0.775
vt 0.4375 0.775
vt 0.4875 0.975
vt 0.3875 0.775
vt 0.3875 0.975
vt 0.4375 0.975
vt 0.4375 0.775
vt 0.3875 0.775
vt 0.4375 0.975
vt 0.4375 0.775
vt 0.4375 0.975
vt 0.4875 0.775
vt 0.4375 0.975
vt 0.4875 0.975
vt 0.4875 0.775
vt 0.3875 0.775
vt 0.3875 0.975
vt 0.4375 0.775
vt 0.3875 0.975
vt 0.4375 0.975
vt 0.4375 0.775
vt 0.4375 0.775
vt 0.4375 0.975
vt 0.4875 0.975
vt 0.4875 0.775
vt 0.4375 0.775
vt 0.4875 0.975
vt 0.3875 0.775
vt 0.3875 0.975
vt 0.4375 0.975
vt 0.4375 0.775
vt 0.3875 0.775
vt 0.4375 0.975
vt 0.4375 0.775
vt 0.4375 0.975
vt 0.4875 0.775
vt 0.4375 0.975
vt 0.4875 0.975
vt 0.4875 0.775
vt 0.3875 0.775
vt 0.3875 0.975
vt 0.4375 0.775
vt 0.3875 0.975
vt 0.4375 0.975
vt 0.4375 0.775
vt 0.4375 0.775
vt 0.4375 0.975
vt 0.4875 0.975
vt 0.4875 0.775
vt 0.4375 0.775
vt 0.4875 0.975
vt 0.3875 0.775
vt 0.3875 0.975
vt 0.4375 0.975
vt 0.4375 0.775
vt 0.3875 0.775
vt 0.4375 0.975
vt 0.4375 0.775
vt 0.4375 0.975
vt 0.4875 0.775
vt 0.4375 0.975
vt 0.4875 0.975
vt 0.4875 0.775
vt 0.3875 0.775
vt 0.3875 0.975
vt 0.4375 0.775
vt 0.3875 0.975
vt 0.4375 0.975
vt 0.4375 0.775
vt 0.4375 0.775
vt 0.4375 0.975
vt 0.4875 0.975
vt 0.4875 0.775
vt 0.4375 0.775
vt 0.4875 0.975
vt 0.3875 0.775
vt 0.3875 0.975
vt 0.4375 0.975
vt 0.4375 0.775
vt 0.3875 0.775
vt 0.4375 0.975
vt 0.4375 0.775
vt 0.4375 0.975
vt 0.4875 0.775
vt 0.4375 0.975
vt 0.4875 0.975
vt 0.4875 0.775
vt 0.3875 0.775
vt 0.3875 0.975
vt 0.4375 0.775
vt 0.3875 0.975
vt 0.4375 0.975
vt 0.4375 0.775
vt 0.4375 0.775
vt 0.4375 0.975
vt 0.4875 0.975
vt 0.4875 0.775
vt 0.4375 0.775
vt 0.4875 0.975
vt 0.3875 0.775
vt 0.3875 0.975
vt 0.4375 0.975
vt 0.4375 0.775
vt 0.3875 0.775
vt 0.4375 0.975
vt 0.4375 0.775
vt 0.4375 0.975
vt 0.4875 0.775
vt 0.4375 0.975
vt 0.4875 0.975
vt 0.4875 0.775
vt 0.3875 0.775
vt 0.3875 0.975
vt 0.4375 0.775
vt 0.3875 0.975
vt 0.4375 0.975
vt 0.4375 0.775
vt 0.4375 0.775
vt 0.4375 0.975
vt 0.4875 0.975
vt 0.4875 0.775
vt 0.4375 0.775
vt 0.4875 0.975
vt 0.3875 0.775
vt 0.3875 0.975
vt 0.4375 0.975
vt 0.4375 0.775
vt 0.3875 0.775
vt 0.4375 0.975
vt 0.4375 0.775
vt 0.4375 0.975
vt 0.4875 0.775
vt 0.4375 0.975
vt 0.4875 0.975
vt 0.4875 0.775
vt 0.3875 0.775
vt 0.3875 0.975
vt 0.4375 0.775
vt 0.3875 0.975
vt 0.4375 0.975
vt 0.4375 0.775
vt 0.4375 0.775
vt 0.4375 0.975
vt 0.4875 0.975
vt 0.4875 0.775
vt 0.4375 0.775
vt 0.4875 0.975
vt 0.3875 0.775
vt 0.3875 0.975
vt 0.4375 0.975
vt 0.4375 0.775
vt 0.3875 0.775
vt 0.4375 0.975
vt 0.4375 0.775
vt 0.4375 0.975
vt 0.4875 0.775
vt 0.4375 0.975
vt 0.4875 0.975
vt 0.4875 0.775
vt 0.3875 0.775
vt 0.3875 0.975
vt 0.4375 0.775
vt 0.3875 0.975
vt 0.4375 0.975
vt 0.4375 0.775
vt 0.4375 0.775
vt 0.4375 0.975
vt 0.4875 0.975
vt 0.4875 0.775
vt 0.4375 0.775
vt 0.4875 0.975
vt 0.3875 0.775
vt 0.3875 0.975
vt 0.4375 0.975
vt 0.4375 0.775
vt 0.3875 0.775
vt 0.4375 0.975
vt 0.4375 0.775
vt 0.4375 0.975
vt 0.4875 0.775
vt 0.4375 0.975
vt 0.4875 0.975
vt 0.4875 0.775
vt 0.3875 0.775
vt 0.3875 0.975
vt 0.4375 0.775
vt 0.3875 0.975
vt 0.4375 0.975
vt 0.4375 0.775
vt 0.4375 0.775
vt 0.4375 0.975
vt 0.4875 0.975
vt 0.4875 0.775
vt 0.4375 0.775
vt 0.4875 0.975
vt 0.3875 0.775
vt 0.3875 0.975
vt 0.4375 0.975
vt 0.4375 0.775
vt 0.3875 0.775
vt 0.4375 0.975
vt 0.4375 0.775
vt 0.4375 0.975
vt 0.4875 0.775
vt 0.4375 0.975
vt 0.4875 0.975
vt 0.4875 0.775
vt 0.3875 0.775
vt 0.3875 0.975
vt 0.4375 0.775
vt 0.3875 0.975
vt 0.4375 0.975
vt 0.4375 0.775
vt 0.4375 0.775
vt 0.4375 0.975
vt 0.4875 0.975
vt 0.4875 0.775
vt 0.4375 0.775
vt 0.4875 0.975
vt 0.3875 0.775
vt 0.3875 0.975
vt 0.4375 0.975
vt 0.4375 0.775
vt 0.3875 0.775
vt 0.4375 0.975
vt 0.4375 0.775
vt 0.4375 0.975
vt 0.4875 0.775
vt 0.4375 0.975
vt 0.4875 0.975
vt 0.4875 0.775
vt 0.3875 0.775
vt 0.3875 0.975
vt 0.4375 0.775
vt 0.3875 0.975
vt 0.4375 0.975
vt 0.4375 0.775
vt 0.4375 0.775
vt 0.4375 0.975
vt 0.4875 0.975
vt 0.4875 0.775
vt 0.4375 0.775
vt 0.4875 0.975
vt 0.3875 0.775
vt 0.3875 0.975
vt 0.4375 0.975
vt 0.4375 0.775
vt 0.3875 0.775
vt 0.4375 0.975
vt 0.4375 0.775
vt 0.4375 0.975
vt 0.4875 0.775
vt 0.4375 0.975
vt 0.4875 0.975
vt 0.4875 0.775
vt 0.3875 0.775
vt 0.3875 0.975
vt 0.4375 0.775
vt 0.3875 0.975
vt 0.4375 0.975
vt 0.4375 0.775
vt 0.4375 0.775
vt 0.4375 0.975
vt 0.4875 0.975
vt 0.4875 0.775
vt 0.4375 0.775
vt 0.4875 0.975
vt 0.3875 0.775
vt 0.3875 0.975
vt 0.4375 0.975
vt 0.4375 0.775
vt 0.3875 0.775
vt 0.4375 0.975
vt 0.4375 0.775
vt 0.4375 0.975
vt 0.4875 0.775
vt 0.4375 0.975
vt 0.4875 0.975
vt 0.4875 0.775
vt 0.3875 0.775
vt 0.3875 0.975
vt 0.4375 0.775
vt 0.3875 0.975
vt 0.4375 0.975
vt 0.4375 0.775
vt 0.4375 0.775
vt 0.4375 0.975
vt 0.4875 0.975
vt 0.4875 0.775
vt 0.4375 0.775
vt 0.4875 0.975
vt 0.3875 0.775
vt 0.3875 0.975
vt 0.4375 0.975
vt 0.4375 0.775
vt 0.3875 0.775
vt 0.4375 0.975
vt 0.4375 0.775
vt 0.4375 0.975
vt 0.4875 0.775
vt 0.4375 0.975
vt 0.4875 0.975
vt 0.4875 0.775
vt 0.3875 0.775
vt 0.3875 0.975
vt 0.4375 0.775
vt 0.3875 0.975
vt 0.4375 0.975
vt 0.4375 0.775
vt 0.4375 0.775
vt 0.4375 0.975
vt 0.4875 0.975
vt 0.4875 0.775
vt 0.4375 0.775
vt 0.4875 0.975
vt 0.3875 0.775
vt 0.3875 0.975
vt 0.4375 0.975
vt 0.4375 0.775
vt 0.3875 0.775
vt 0.4375 0.975
vt 0.4375 0.775
vt 0.4375 0.975
vt 0.4875 0.775
vt 0.4375 0.975
vt 0.4875 0.975
vt 0.4875 0.775
vt 0.3875 0.775
vt 0.3875 0.975
vt 0.4375 0.775
vt 0.3875 0.975
vt 0.4375 0.975
vt 0.4375 0.775
vt 0.4375 0.775
vt 0.4375 0.975
vt 0.4875 0.975
vt 0.4875 0.775
vt 0.4375 0.775
vt 0.4875 0.975
vt 0.3875 0.775
vt 0.3875 0.975
vt 0.4375 0.975
vt 0.4375 0.775
vt 0.3875 0.775
vt 0.4375 0.975
vt 0.4375 0.775
vt 0.4375 0.975
vt 0.4875 0.775
vt 0.4375 0.975
vt 0.4875 0.975
vt 0.4875 0.775
vt 0.3875 0.775
vt 0.3875 0.975
vt 0.4375 0.775
vt 0.3875 0.975
vt 0.4375 0.975
vt 0.4375 0.775
vt 0.87625 0.025
vt 0.87625 0.225
vt 0.87625 0.225
vt 0.87625 0.025
vt 0.87625 0.025
vt 0.87625 0.225
vt 0.87625 0.025
vt 0.87625 0.225
vt 0.87625 0.225
vt 0.87625 0.025
vt 0.87625 0.025
vt 0.87625 0.225
vt 0.87625 0.025
vt 0.87625 0.225
vt 0.87625 0.025
vt 0.87625 0.225
vt 0.87625 0.225
vt 0.87625 0.025
vt 0.87625 0.025
vt 0.87625 0.225
vt 0.87625 0.025
vt 0.87625 0.225
vt 0.87625 0.225
vt 0.87625 0.025
vt 0.87625 0.025
vt 0.87625 0.225
vt 0.87625 0.225
vt 0.87625 0.025
vt 0.87625 0.025
vt 0.87625 0.225
vt 0.87625 0.025
vt 0.87625 0.225
vt 0.87625 0.225
vt 0.87625 0.025
vt 0.87625 0.025
vt 0.87625 0.225
vt 0.87625 0.025
vt 0.87625 0.225
vt 0.87625 0.025
vt 0.87625 0.225
vt 0.87625 0.225
vt 0.87625 0.025
vt 0.87625 0.025
vt 0.87625 0.225
vt 0.87625 0.025
vt 0.87625 0.225
vt 0.87625 0.225
vt 0.87625 0.025
vt 0.87625 0.025
vt 0.87625 0.225
vt 0.87625 0.225
vt 0.87625 0.025
vt 0.87625 0.025
vt 0.87625 0.225
vt 0.87625 0.025
vt 0.87625 0.225
vt 0.87625 0.225
vt 0.87625 0.025
vt 0.87625 0.025
vt 0.87625 0.225
vt 0.87625 0.025
vt 0.87625 0.225
vt 0.87625 0.025
vt 0.87625 0.225
vt 0.87625 0.225
vt 0.87625 0.025
vt 0.87625 0.025
vt 0.87625 0.225
vt 0.87625 0.025
vt 0.87625 0.225
vt 0.87625 0.225
vt 0.87625 0.025
vt 0.87625 0.025
vt 0.87625 0.225
vt 0.87625 0.225
vt 0.87625 0.025
vt 0.87625 0.025
vt 0.87625 0.225
vt 0.87625 0.025
vt 0.87625 0.225
vt 0.87625 0.225
vt 0.87625 0.025
vt 0.87625 0.025
vt 0.87625 0.225
vt 0.87625 0.025
vt 0.87625 0.225
vt 0.87625 0.025
vt 0.87625 0.225
vt 0.87625 0.225
vt 0.87625 0.025
vt 0.87625 0.025
vt 0.87625 0.225
vt 0.87625 0.025
vt 0.87625 0.225
vt 0.87625 0.225
vt 0.87625 0.025
vt 0.87625 0.025
vt 0.87625 0.225
vt 0.87625 0.225
vt 0.87625 0.025
vt 0.87625 0.025
vt 0.87625 0.225
vt 0.87625 0.025
vt 0.87625 0.225
vt 0.87625 0.225
vt 0.87625 0.025
vt 0.87625 0.025
vt 0.87625 0.225
vt 0.87625 0.025
vt 0.87625 0.225
vt 0.87625 0.025
vt 0.87625 0.225
vt 0.87625 0.225
vt 0.87625 0.025
vt 0.87625 0.025
vt 0.87625 0.225
vt 0.87625 0.025
vt 0.87625 0.225
vt 0.87625 0.225
vt 0.87625 0.025
vt 0.87625 0.025
vt 0.87625 0.225
vt 0.87625 0.225
vt 0.87625 0.025
vt 0.87625 0.025
vt 0.87625 0.225
vt 0.87625 0.025
vt 0.87625 0.225
vt 0.87625 0.225
vt 0.87625 0.025
vt 0.87625 0.025
vt 0.87625 0.225
vt 0.87625 0.025
vt 0.87625 0.225
vt 0.87625 0.025
vt 0.87625 0.225
vt 0.87625 0.225
vt 0.87625 0.025
vt 0.87625 0.025
vt 0.87625 0.225
vt 0.87625 0.025
vt 0.87625 0.225
vt 0.87625 0.225
vt 0.87625 0.025
vt 0.87625 0.025
vt 0.87625 0.225
vt 0.87625 0.225
vt 0.87625 0.025
vt 0.87625 0.025
vt 0.87625 0.225
vt 0.87625 0.025
vt 0.87625 0.225
vt 0.87625 0.225
vt 0.87625 0.025
vt 0.87625 0.025
vt 0.87625 0.225
vt 0.87625 0.025
vt 0.87625 0.225
vt 0.87625 0.025
vt 0.87625 0.225
vt 0.87625 0.225
vt 0.87625 0.025
vt 0.87625 0.025
vt 0.87625 0.225
vt 0.87625 0.025
vt 0.87625 0.225
vt 0.87625 0.225
vt 0.87625 0.025
vt 0.87625 0.025
vt 0.87625 0.225
vt 0.87625 0.225
vt 0.87625 0.025
vt 0.87625 0.025
vt 0.87625 0.225
vt 0.87625 0.025
vt 0.87625 0.225
vt 0.87625 0.225
vt 0.87625 0.025
vt 0.87625 0.025
vt 0.87625 0.225
vt 0.87625 0.025
vt 0.87625 0.225
vt 0.87625 0.025
vt 0.87625 0.225
vt 0.87625 0.225
vt 0.87625 0.025
vt 0.87625 0.025
vt 0.87625 0.225
vt 0.87625 0.025
vt 0.87625 0.225
vt 0.87625 0.225
vt 0.87625 0.025
vt 0.87625 0.025
vt 0.87625 0.225
vt 0.87625 0.225
vt 0.87625 0.025
vt 0.87625 0.025
vt 0.87625 0.225
vt 0.87625 0.025
vt 0.87625 0.225
vt 0.87625 0.225
vt 0.87625 0.025
vt 0.87625 0.025
vt 0.87625 0.225
vt 0.87625 0.025
vt 0.87625 0.225
vt 0.87625 0.025
vt 0.87625 0.225
vt 0.87625 0.225
vt 0.87625 0.025
vt 0.87625 0.025
vt 0.87625 0.225
vt 0.87625 0.025
vt 0.87625 0.225
vt 0.87625 0.225
vt 0.87625 0.025
vt 0.87625 0.025
vt 0.87625 0.225
vt 0.87625 0.225
vt 0.87625 0.025
vt 0.87625 0.025
vt 0.87625 0.225
vt 0.87625 0.025
vt 0.87625 0.225
vt 0.87625 0.225
vt 0.87625 0.025
vt 0.87625 0.025
vt 0.87625 0.225
vt 0.87625 0.025
vt 0.87625 0.225
vt 0.87625 0.025
vt 0.87625 0.225
vt 0.87625 0.225
vt 0.87625 0.025
vt 0.87625 0.025
vt 0.87625 0.225
vt 0.87625 0.025
vt 0.87625 0.225
vt 0.87625 0.225
vt 0.87625 0.025
vt 0.87625 0.025
vt 0.87625 0.225
vt 0.87625 0.225
vt 0.87625 0.025
vt 0.87625 0.025
vt 0.87625 0.225
vt 0.87625 0.025
vt 0.87625 0.225
vt 0.87625 0.225
vt 0.87625 0.025
vt 0.87625 0.025
vt 0.87625 0.225
vt 0.87625 0.025
vt 0.87625 0.225
vt 0.87625 0.025
vt 0.87625 0.225
vt 0.87625 0.225
vt 0.87625 0.025
vt 0.87625 0.025
vt 0.87625 0.225
vt 0.87625 0.025
vt 0.87625 0.225
vt 0.87625 0.225
vt 0.87625 0.025
vt 0.87625 0.025
vt 0.87625 0.225
vt 0.87625 0.225
vt 0.87625 0.025
vt 0.87625 0.025
vt 0.87625 0.225
vt 0.87625 0.025
vt 0.87625 0.225
vt 0.87625 0.225
vt 0.87625 0.025
vt 0.87625 0.025
vt 0.87625 0.225
vt 0.87625 0.025
vt 0.87625 0.225
vt 0.87625 0.025
vt 0.87625 0.225
vt 0.87625 0.225
vt 0.87625 0.025
vt 0.87625 0.025
vt 0.87625 0.225
vt 0.87625 0.025
vt 0.87625 0.225
vt 0.87625 0.225
vt 0.87625 0.025
vt 0.87625 0.025
vt 0.87625 0.225
vt 0.87625 0.225
vt 0.87625 0.025
vt 0.87625 0.025
vt 0.87625 0.225
vt 0.87625 0.025
vt 0.87625 0.225
vt 0.87625 0.225
vt 0.87625 0.025
vt 0.87625 0.025
vt 0.87625 0.225
vt 0.87625 0.025
vt 0.87625 0.225
vt 0.87625 0.025
vt 0.87625 0.225
vt 0.87625 0.225
vt 0.87625 0.025
vt 0.87625 0.025
vt 0.87625 0.225
vt 0.87625 0.025
vt 0.87625 0.225
vt 0.87625 0.225
vt 0.87625 0.025
vt 0.87625 0.025
vt 0.87625 0.225
vt 0.87625 0.225
vt 0.87625 0.025
vt 0.87625 0.025
vt 0.87625 0.225
vt 0.87625 0.025
vt 0.87625 0.225
vt 0.87625 0.225
vt 0.87625 0.025
vt 0.87625 0.025
vt 0.87625 0.225
vt 0.87625 0.025
vt 0.87625 0.225
vt 0.87625 0.025
vt 0.87625 0.225
vt 0.87625 0.225
vt 0.87625 0.025
vt 0.87625 0.025
vt 0.87625 0.225
vt 0.87625 0.025
vt 0.87625 0.225
vt 0.87625 0.225
vt 0.87625 0.025
vt 0.87625 0.025
vt 0.87625 0.225
vt 0.87625 0.225
vt 0.87625 0.025
vt 0.87625 0.025
vt 0.87625 0.225
vt 0.87625 0.025
vt 0.87625 0.225
vt 0.87625 0.225
vt 0.87625 0.025
vt 0.87625 0.025
vt 0.87625 0.225
vt 0.87625 0.025
vt 0.87625 0.225
vt 0.87625 0.025
vt 0.87625 0.225
vt 0.87625 0.225
vt 0.87625 0.025
vt 0.87625 0.025
vt 0.87625 0.225
vt 0.87625 0.025
vt 0.87625 0.225
vt 0.87625 0.225
vt 0.87625 0.025
vt 0.87625 0.025
vt 0.87625 0.225
vt 0.87625 0.225
vt 0.87625 0.025
vt 0.87625 0.025
vt 0.87625 0.225
vt 0.87625 0.025
vt 0.87625 0.225
vt 0.87625 0.225
vt 0.87625 0.025
vt 0.87625 0.025
vt 0.87625 0.225
vt 0.87625 0.025
vt 0.87625 0.225
vt 0.87625 0.025
vt 0.87625 0.225
vt 0.87625 0.225
vt 0.87625 0.025
vt 0.87625 0.025
vt 0.87625 0.225
vt 0.87625 0.025
vt 0.87625 0.225
vt 0.87625 0.225
vt 0.87625 0.025
vt 0.87625 0.025
vt 0.87625 0.225
vt 0.87625 0.225
vt 0.87625 0.025
vt 0.87625 0.025
vt 0.87625 0.225
vt 0.87625 0.025
vt 0.87625 0.225
vt 0.87625 0.225
vt 0.87625 0.025
vt 0.87625 0.025
vt 0.87625 0.225
vt 0.87625 0.025
vt 0.87625 0.225
vt 0.87625 0.025
vt 0.87625 0.225
vt 0.87625 0.225
vt 0.87625 0.025
vt 0.87625 0.025
vt 0.87625 0.225
vt 0.87625 0.025
vt 0.87625 0.225
vt 0.87625 0.225
vt 0.87625 0.025
vt 0.87625 0.025
vt 0.87625 0.225
vt 0.87625 0.225
vt 0.87625 0.025
vt 0.87625 0.025
vt 0.87625 0.225
vt 0.87625 0.025
vt 0.87625 0.225
vt 0.87625 0.225
vt 0.87625 0.025
vt 0.87625 0.025
vt 0.87625 0.225
vt 0.87625 0.025
vt 0.87625 0.225
vt 0.87625 0.025
vt 0.87625 0.225
vt 0.87625 0.225
vt 0.87625 0.025
vt 0.87625 0.025
vt 0.87625 0.225
vt 0.87625 0.025
vt 0.87625 0.225
vt 0.87625 0.225
vt 0.87625 0.025
vt 0.0625 0.525
vt 0.0625 0.725
vt 0.0625 0.725
vt 0.0625 0.525
vt 0.0625 0.525
vt 0.0625 0.725
vt 0.0625 0.525
vt 0.0625 0.725
vt 0.1125 0.725
vt 0.1125 0.525
vt 0.0625 0.525
vt 0.1125 0.725
vt 0.0125 0.525
vt 0.0125 0.725
vt 0.0625 0.725
vt 0.0625 0.525
vt 0.0125 0.525
vt 0.0625 0.725
vt 0.0625 0.525
vt 0.0625 0.725
vt 0.1125 0.525
vt 0.0625 0.725
vt 0.1125 0.725
vt 0.1125 0.525
vt 0.0125 0.525
vt 0.0125 0.725
vt 0.0625 0.525
vt 0.0125 0.725
vt 0.0625 0.725
vt 0.0625 0.525
vt 0.0625 0.525
vt 0.0625 0.725
vt 0.0625 0.725
vt 0.0625 0.525
vt 0.0625 0.525
vt 0.0625 0.725
vt 0.0625 0.525
vt 0.0625 0.725
vt 0.1125 0.725
vt 0.1125 0.525
vt 0.0625 0.525
vt 0.1125 0.725
vt 0.0125 0.525
vt 0.0125 0.725
vt 0.0625 0.725
vt 0.0625 0.525
vt 0.0125 0.525
vt 0.0625 0.725
vt 0.0625 0.525
vt 0.0625 0.725
vt 0.1125 0.525
vt 0.0625 0.725
vt 0.1125 0.725
vt 0.1125 0.525
vt 0.0125 0.525
vt 0.0125 0.725
vt 0.0625 0.525
vt 0.0125 0.725
vt 0.0625 0.725
vt 0.0625 0.525
vt 0.0625 0.525
vt 0.0625 0.725
vt 0.0625 0.725
vt 0.0625 0.525
vt 0.0625 0.525
vt 0.0625 0.725
vt 0.0625 0.525
vt 0.0625 0.725
vt 0.1125 0.725
vt 0.1125 0.525
vt 0.0625 0.525
vt 0.1125 0.725
vt 0.0125 0.525
vt 0.0125 0.725
vt 0.0625 0.725
vt 0.0625 0.525
vt 0.0125 0.525
vt 0.0625 0.725
vt 0.0625 0.525
vt 0.0625 0.725
vt 0.1125 0.525
vt 0.0625 0.725
vt 0.1125 0.725
vt 0.1125 0.525
vt 0.0125 0.525
vt 0.0125 0.725
vt 0.0625 0.525
vt 0.0125 0.725
vt 0.0625 0.725
vt 0.0625 0.525
vt 0.0625 0.525
vt 0.0625 0.725
vt 0.0625 0.725
vt 0.0625 0.525
vt 0.0625 0.525
vt 0.0625 0.725
vt 0.0625 0.525
vt 0.0625 0.725
vt 0.1125 0.725
vt 0.1125 0.525
vt 0.0625 0.525
vt 0.1125 0.725
vt 0.0125 0.525
vt 0.0125 0.725
vt 0.0625 0.725
vt 0.0625 0.525
vt 0.0125 0.525
vt 0.0625 0.725
vt 0.0625 0.525
vt 0.0625 0.725
vt 0.1125 0.525
vt 0.0625 0.725
vt 0.1125 0.725
vt 0.1125 0.525
vt 0.0125 0.525
vt 0.0125 0.725
vt 0.0625 0.525
vt 0.0125 0.725
vt 0.0625 0.725
vt 0.0625 0.525
vt 0.0625 0.525
vt 0.0625 0.725
vt 0.0625 0.725
vt 0.0625 0.525
vt 0.0625 0.525
vt 0.0625 0.725
vt 0.0625 0.525
vt 0.0625 0.725
vt 0.1125 0.725
vt 0.1125 0.525
vt 0.0625 0.525
vt 0.1125 0.725
vt 0.0125 0.525
vt 0.0125 0.725
vt 0.0625 0.725
vt 0.0625 0.525
vt 0.0125 0.525
vt 0.0625 0.725
vt 0.0625 0.525
vt 0.0625 0.725
vt 0.1125 0.525
vt 0.0625 0.725
vt 0.1125 0.725
vt 0.1125 0.525
vt 0.0125 0.525
vt 0.0125 0.725
vt 0.0625 0.525
vt 0.0125 0.725
vt 0.0625 0.725
vt 0.0625 0.525
vt 0.0625 0.525
vt 0.0625 0.725
vt 0.0625 0.725
vt 0.0625 0.525
vt 0.0625 0.525
vt 0.0625 0.725
vt 0.0625 0.525
vt 0.0625 0.725
vt 0.1125 0.725
vt 0.1125 0.525
vt 0.0625 0.525
vt 0.1125 0.725
vt 0.0125 0.525
vt 0.0125 0.725
vt 0.0625 0.725
vt 0.0625 0.525
vt 0.0125 0.525
vt 0.0625 0.725
vt 0.0625 0.525
vt 0.0625 0.725
vt 0.1125 0.525
vt 0.0625 0.725
vt 0.1125 0.725
vt 0.1125 0.525
vt 0.0125 0.525
vt 0.0125 0.725
vt 0.0625 0.525
vt 0.0125 0.725
vt 0.0625 0.725
vt 0.0625 0.525
vt 0.0625 0.525
vt 0.0625 0.725
vt 0.0625 0.725
vt 0.0625 0.525
vt 0.0625 0.525
vt 0.0625 0.725
vt 0.0625 0.525
vt 0.0625 0.725
vt 0.1125 0.725
vt 0.1125 0.525
vt 0.0625 0.525
vt 0.1125 0.725
vt 0.0125 0.525
vt 0.0125 0.725
vt 0.0625 0.725
vt 0.0625 0.525
vt 0.0125 0.525
vt 0.0625 0.725
vt 0.0625 0.525
vt 0.0625 0.725
vt 0.1125 0.525
vt 0.0625 0.725
vt 0.1125 0.725
vt 0.1125 0.525
vt 0.0125 0.525
vt 0.0125 0.725
vt 0.0625 0.525
vt 0.0125 0.725
vt 0.0625 0.725
vt 0.0625 0.525
vt 0.0625 0.525
vt 0.0625 0.725
vt 0.0625 0.725
vt 0.0625 0.525
vt 0.0625 0.525
vt 0.0625 0.725
vt 0.0625 0.525
vt 0.0625 0.725
vt 0.1125 0.725
vt 0.1125 0.525
vt 0.0625 0.525
vt 0.1125 0.725
vt 0.0125 0.525
vt 0.0125 0.725
vt 0.0625 0.725
vt 0.0625 0.525
vt 0.0125 0.525
vt 0.0625 0.725
vt 0.0625 0.525
vt 0.0625 0.725
vt 0.1125 0.525
vt 0.0625 0.725
vt 0.1125 0.725
vt 0.1125 0.525
vt 0.0125 0.525
vt 0.0125 0.725
vt 0.0625 0.525
vt 0.0125 0.725
vt 0.0625 0.725
vt 0.0625 0.525
vt 0.0625 0.525
vt 0.0625 0.725
vt 0.0625 0.725
vt 0.0625 0.525
vt 0.0625 0.525
vt 0.0625 0.725
vt 0.0625 0.525
vt 0.0625 0.725
vt 0.1125 0.725
vt 0.1125 0.525
vt 0.0625 0.525
vt 0.1125 0.725
vt 0.0125 0.525
vt 0.0125 0.725
vt 0.0625 0.725
vt 0.0625 0.525
vt 0.0125 0.525
vt 0.0625 0.725
vt 0.0625 0.525
vt 0.0625 0.725
vt 0.1125 0.525
vt 0.0625 0.725
vt 0.1125 0.725
vt 0.1125 0.525
vt 0.0125 0.525
vt 0.0125 0.725
vt 0.0625 0.525
vt 0.0125 0.725
vt 0.0625 0.725
vt 0.0625 0.525
vt 0.0625 0.525
vt 0.0625 0.725
vt 0.0625 0.725
vt 0.0625 0.525
vt 0.0625 0.525
vt 0.0625 0.725
vt 0.0625 0.525
vt 0.0625 0.725
vt 0.1125 0.725
vt 0.1125 0.525
vt 0.0625 0.525
vt 0.1125 0.725
vt 0.0125 0.525
vt 0.0125 0.725
vt 0.0625 0.725
vt 0.0625 0.525
vt 0.0125 0.525
vt 0.0625 0.725
vt 0.0625 0.525
vt 0.0625 0.725
vt 0.1125 0.525
vt 0.0625 0.725
vt 0.1125 0.725
vt 0.1125 0.525
vt 0.0125 0.525
vt 0.0125 0.725
vt 0.0625 0.525
vt 0.0125 0.725
vt 0.0625 0.725
vt 0.0625 0.525
vt 0.0625 0.525
vt 0.0625 0.725
vt 0.0625 0.725
vt 0.0625 0.525
vt 0.0625 0.525
vt 0.0625 0.725
vt 0.0625 0.525
vt 0.0625 0.725
vt 0.1125 0.725
vt 0.1125 0.525
vt 0.0625 0.525
vt 0.1125 0.725
vt 0.0125 0.525
vt 0.0125 0.725
vt 0.0625 0.725
vt 0.0625 0.525
vt 0.0125 0.525
vt 0.0625 0.725
vt 0.0625 0.525
vt 0.0625 0.725
vt 0.1125 0.525
vt 0.0625 0.725
vt 0.1125 0.725
vt 0.1125 0.525
vt 0.0125 0.525
vt 0.0125 0.725
vt 0.0625 0.525
vt 0.0125 0.725
vt 0.0625 0.725
vt 0.0625 0.525
vt 0.0625 0.525
vt 0.0625 0.725
vt 0.0625 0.725
vt 0.0625 0.525
vt 0.0625 0.525
vt 0.0625 0.725
vt 0.0625 0.525
vt 0.0625 0.725
vt 0.1125 0.725
vt 0.1125 0.525
vt 0.0625 0.525
vt 0.1125 0.725
vt 0.0125 0.525
vt 0.0125 0.725
vt 0.0625 0.725
vt 0.0625 0.525
vt 0.0125 0.525
vt 0.0625 0.725
vt 0.0625 0.525
vt 0.0625 0.725
vt 0.1125 0.525
vt 0.0625 0.725
vt 0.1125 0.725
vt 0.1125 0.525
vt 0.0125 0.525
vt 0.0125 0.725
vt 0.0625 0.525
vt 0.0125 0.725
vt 0.0625 0.725
vt 0.0625 0.525
vt 0.1875 0.275
vt 0.1875 0.475
vt 0.20417 0.475
vt 0.20417 0.275
vt 0.1875 0.275
vt 0.20417 0.475
vt 0.20417 0.275
vt 0.20417 0.475
vt 0.22083 0.475
vt 0.22083 0.275
vt 0.20417 0.275
vt 0.22083 0.475
vt 0.22083 0.275
vt 0.22083 0.475
vt 0.2375 0.475
vt 0.2375 0.275
vt 0.22083 0.275
vt 0.2375 0.475
vt 0.1375 0.275
vt 0.1375 0.475
vt 0.15417 0.475
vt 0.15417 0.275
vt 0.1375 0.275
vt 0.15417 0.475
vt 0.15417 0.275
vt 0.15417 0.475
vt 0.17083 0.475
vt 0.17083 0.275
vt 0.15417 0.275
vt 0.17083 0.475
vt 0.17083 0.275
vt 0.17083 0.475
vt 0.1875 0.475
vt 0.1875 0.275
vt 0.17083 0.275
vt 0.1875 0.475
vt 0.1875 0.275
vt 0.1875 0.475
vt 0.20417 0.275
vt 0.1875 0.475
vt 0.20417 0.475
vt 0.20417 0.275
vt 0.20417 0.275
vt 0.20417 0.475
vt 0.22083 0.275
vt 0.20417 0.475
vt 0.22083 0.475
vt 0.22083 0.275
vt 0.22083 0.275
vt 0.22083 0.475
vt 0.2375 0.275
vt 0.22083 0.475
vt 0.2375 0.475
vt 0.2375 0.275
vt 0.1375 0.275
vt 0.1375 0.475
vt 0.15417 0.275
vt 0.1375 0.475
vt 0.15417 0.475
vt 0.15417 0.275
vt 0.15417 0.275
vt 0.15417 0.475
vt 0.17083 0.275
vt 0.15417 0.475
vt 0.17083 0.475
vt 0.17083 0.275
vt 0.17083 0.275
vt 0.17083 0.475
vt 0.1875 0.275
vt 0.17083 0.475
vt 0.1875 0.475
vt 0.1875 0.275
vt 0.6875 0.525
vt 0.6875 0.725
vt 0.70417 0.725
vt 0.70417 0.525
vt 0.6875 0.525
vt 0.70417 0.725
vt 0.70417 0.525
vt 0.70417 0.725
vt 0.72083 0.725
vt 0.72083 0.525
vt 0.70417 0.525
vt 0.72083 0.725
vt 0.72083 0.525
vt 0.72083 0.725
vt 0.7375 0.725
vt 0.7375 0.525
vt 0.72083 0.525
vt 0.7375 0.725
vt 0.6375 0.525
vt 0.6375 0.725
vt 0.65417 0.725
vt 0.65417 0.525
vt 0.6375 0.525
vt 0.65417 0.725
vt 0.65417 0.525
vt 0.65417 0.725
vt 0.67083 0.725
vt 0.67083 0.525
vt 0.65417 0.525
vt 0.67083 0.725
vt 0.67083 0.525
vt 0.67083 0.725
vt 0.6875 0.725
vt 0.6875 0.525
vt 0.67083 0.525
vt 0.6875 0.725
vt 0.6875 0.525
vt 0.6875 0.725
vt 0.70417 0.525
vt 0.6875 0.725
vt 0.70417 0.725
vt 0.70417 0.525
vt 0.70417 0.525
vt 0.70417 0.725
vt 0.72083 0.525
vt 0.70417 0.725
vt 0.72083 0.725
vt 0.72083 0.525
vt 0.72083 0.525
vt 0.72083 0.725
vt 0.7375 0.525
vt 0.72083 0.725
vt 0.7375 0.725
vt 0.7375 0.525
vt 0.6375 0.525
vt 0.6375 0.725
vt 0.65417 0.525
vt 0.6375 0.725
vt 0.65417 0.725
vt 0.65417 0.525
vt 0.65417 0.525
vt 0.65417 0.725
vt 0.67083 0.525
vt 0.65417 0.725
vt 0.67083 0.725
vt 0.67083 0.525
vt 0.67083 0.525
vt 0.67083 0.725
vt 0.6875 0.525
vt 0.67083 0.725
vt 0.6875 0.725
vt 0.6875 0.525
vt 0.3125 0.775
vt 0.3125 0.975
vt 0.32917 0.975
vt 0.32917 0.775
vt 0.3125 0.775
vt 0.32917 0.975
vt 0.32917 0.775
vt 0.32917 0.975
vt 0.34583 0.975
vt 0.34583 0.775
vt 0.32917 0.775
vt 0.34583 0.975
vt 0.34583 0.775
vt 0.34583 0.975
vt 0.3625 0.975
vt 0.3625 0.775
vt 0.34583 0.775
vt 0.3625 0.975
vt 0.2625 0.775
vt 0.2625 0.975
vt 0.27917 0.975
vt 0.27917 0.775
vt 0.2625 0.775
vt 0.27917 0.975
vt 0.27917 0.775
vt 0.27917 0.975
vt 0.29583 0.975
vt 0.29583 0.775
vt 0.27917 0.775
vt 0.29583 0.975
vt 0.29583 0.775
vt 0.29583 0.975
vt 0.3125 0.975
vt 0.3125 0.775
vt 0.29583 0.775
vt 0.3125 0.975
vt 0.3125 0.775
vt 0.3125 0.975
vt 0.32917 0.775
vt 0.3125 0.975
vt 0.32917 0.975
vt 0.32917 0.775
vt 0.32917 0.775
vt 0.32917 0.975
vt 0.34583 0.775
vt 0.32917 0.975
vt 0.34583 0.975
vt 0.34583 0.775
vt 0.34583 0.775
vt 0.34583 0.975
vt 0.3625 0.775
vt 0.34583 0.975
vt 0.3625 0.975
vt 0.3625 0.775
vt 0.2625 0.775
vt 0.2625 0.975
vt 0.27917 0.775
vt 0.2625 0.975
vt 0.27917 0.975
vt 0.27917 0.775
vt 0.27917 0.775
vt 0.27917 0.975
vt 0.29583 0.775
vt 0.27917 0.975
vt 0.29583 0.975
vt 0.29583 0.775
vt 0.29583 0.775
vt 0.29583 0.975
vt 0.3125 0.775
vt 0.29583 0.975
vt 0.3125 0.975
vt 0.3125 0.775
vt 0.3125 0.775
vt 0.3125 0.975
vt 0.32917 0.975
vt 0.32917 0.775
vt 0.3125 0.775
vt 0.32917 0.975
vt 0.32917 0.775
vt 0.32917 0.975
vt 0.34583 0.975
vt 0.34583 0.775
vt 0.32917 0.775
vt 0.34583 0.975
vt 0.34583 0.775
vt 0.34583 0.975
vt 0.3625 0.975
vt 0.3625 0.775
vt 0.34583 0.775
vt 0.3625 0.975
vt 0.2625 0.775
vt 0.2625 0.975
vt 0.27917 0.975
vt 0.27917 0.775
vt 0.2625 0.775
vt 0.27917 0.975
vt 0.27917 0.775
vt 0.27917 0.975
vt 0.29583 0.975
vt 0.29583 0.775
vt 0.27917 0.775
vt 0.29583 0.975
vt 0.29583 0.775
vt 0.29583 0.975
vt 0.3125 0.975
vt 0.3125 0.775
vt 0.29583 0.775
vt 0.3125 0.975
vt 0.3125 0.775
vt 0.3125 0.975
vt 0.32917 0.775
vt 0.3125 0.975
vt 0.32917 0.975
vt 0.32917 0.775
vt 0.32917 0.775
vt 0.32917 0.975
vt 0.34583 0.775
vt 0.32917 0.975
vt 0.34583 0.975
vt 0.34583 0.775
vt 0.34583 0.775
vt 0.34583 0.975
vt 0.3625 0.775
vt 0.34583 0.975
vt 0.3625 0.975
vt 0.3625 0.775
vt 0.2625 0.775
vt 0.2625 0.975
vt 0.27917 0.775
vt 0.2625 0.975
vt 0.27917 0.975
vt 0.27917 0.775
vt 0.27917 0.775
vt 0.27917 0.975
vt 0.29583 0.775
vt 0.27917 0.975
vt 0.29583 0.975
vt 0.29583 0.775
vt 0.29583 0.775
vt 0.29583 0.975
vt 0.3125 0.775
vt 0.29583 0.975
vt 0.3125 0.975
vt 0.3125 0.775
vt 0.3125 0.775
vt 0.3125 0.975
vt 0.32917 0.975
vt 0.32917 0.775
vt 0.3125 0.775
vt 0.32917 0.975
vt 0.32917 0.775
vt 0.32917 0.975
vt 0.34583 0.975
vt 0.34583 0.775
vt 0.32917 0.775
vt 0.34583 0.975
vt 0.34583 0.775
vt 0.34583 0.975
vt 0.3625 0.975
vt 0.3625 0.775
vt 0.34583 0.775
vt 0.3625 0.975
vt 0.2625 0.775
vt 0.2625 0.975
vt 0.27917 0.975
vt 0.27917 0.775
vt 0.2625 0.775
vt 0.27917 0.975
vt 0.27917 0.775
vt 0.27917 0.975
vt 0.29583 0.975
vt 0.29583 0.775
vt 0.27917 0.775
vt 0.29583 0.975
vt 0.29583 0.775
vt 0.29583 0.975
vt 0.3125 0.975
vt 0.3125 0.775
vt 0.29583 0.775
vt 0.3125 0.975
vt 0.3125 0.775
vt 0.3125 0.975
vt 0.32917 0.775
vt 0.3125 0.975
vt 0.32917 0.975
vt 0.32917 0.775
vt 0.32917 0.775
vt 0.32917 0.975
vt 0.34583 0.775
vt 0.32917 0.975
vt 0.34583 0.975
vt 0.34583 0.775
vt 0.34583 0.775
vt 0.34583 0.975
vt 0.3625 0.775
vt 0.34583 0.975
vt 0.3625 0.975
vt 0.3625 0.775
vt 0.2625 0.775
vt 0.2625 0.975
vt 0.27917 0.775
vt 0.2625 0.975
vt 0.27917 0.975
vt 0.27917 0.775
vt 0.27917 0.775
vt 0.27917 0.975
vt 0.29583 0.775
vt 0.27917 0.975
vt 0.29583 0.975
vt 0.29583 0.775
vt 0.29583 0.775
vt 0.29583 0.975
vt 0.3125 0.775
vt 0.29583 0.975
vt 0.3125 0.975
vt 0.3125 0.775
vt 0.2625 0.775
vt 0.2625 0.975
vt 0.29583 0.975
vt 0.29583 0.775
vt 0.2625 0.775
vt 0.29583 0.975
vt 0.29583 0.775
vt 0.29583 0.975
vt 0.32917 0.975
vt 0.32917 0.775
vt 0.29583 0.775
vt 0.32917 0.975
vt 0.32917 0.775
vt 0.32917 0.975
vt 0.3625 0.975
vt 0.3625 0.775
vt 0.32917 0.775
vt 0.3625 0.975
vt 0.2625 0.775
vt 0.2625 0.975
vt 0.29583 0.975
vt 0.29583 0.775
vt 0.2625 0.775
vt 0.29583 0.975
vt 0.29583 0.775
vt 0.29583 0.975
vt 0.32917 0.975
vt 0.32917 0.775
vt 0.29583 0.775
vt 0.32917 0.975
vt 0.32917 0.775
vt 0.32917 0.975
vt 0.3625 0.975
vt 0.3625 0.775
vt 0.32917 0.775
vt 0.3625 0.975
vt 0.2625 0.775
vt 0.2625 0.975
vt 0.29583 0.775
vt 0.2625 0.975
vt 0.29583 0.975
vt 0.29583 0.775
vt 0.29583 0.775
vt 0.29583 0.975
vt 0.32917 0.775
vt 0.29583 0.975
vt 0.32917 0.975
vt 0.32917 0.775
vt 0.32917 0.775
vt 0.32917 0.975
vt 0.3625 0.775
vt 0.32917 0.975
vt 0.3625 0.975
vt 0.3625 0.775
vt 0.2625 0.775
vt 0.2625 0.975
vt 0.29583 0.775
vt 0.2625 0.975
vt 0.29583 0.975
vt 0.29583 0.775
vt 0.29583 0.775
vt 0.29583 0.975
vt 0.32917 0.775
vt 0.29583 0.975
vt 0.32917 0.975
vt 0.32917 0.775
vt 0.32917 0.775
vt 0.32917 0.975
vt 0.3625 0.775
vt 0.32917 0.975
vt 0.3625 0.975
vt 0.3625 0.775
vt 0.2625 0.775
vt 0.2625 0.975
vt 0.29583 0.975
vt 0.29583 0.775
vt 0.2625 0.775
vt 0.29583 0.975
vt 0.29583 0.775
vt 0.29583 0.975
vt 0.32917 0.975
vt 0.32917 0.775
vt 0.29583 0.775
vt 0.32917 0.975
vt 0.32917 0.775
vt 0.32917 0.975
vt 0.3625 0.975
vt 0.3625 0.775
vt 0.32917 0.775
vt 0.3625 0.975
vt 0.2625 0.775
vt 0.2625 0.975
vt 0.29583 0.975
vt 0.29583 0.775
vt 0.2625 0.775
vt 0.29583 0.975
vt 0.29583 0.775
vt 0.29583 0.975
vt 0.32917 0.975
vt 0.32917 0.775
vt 0.29583 0.775
vt 0.32917 0.975
vt 0.32917 0.775
vt 0.32917 0.975
vt 0.3625 0.975
vt 0.3625 0.775
vt 0.32917 0.775
vt 0.3625 0.975
vt 0.2625 0.775
vt 0.2625 0.975
vt 0.29583 0.775
vt 0.2625 0.975
vt 0.29583 0.975
vt 0.29583 0.775
vt 0.29583 0.775
vt 0.29583 0.975
vt 0.32917 0.775
vt 0.29583 0.975
vt 0.32917 0.975
vt 0.32917 0.775
vt 0.32917 0.775
vt 0.32917 0.975
vt 0.3625 0.775
vt 0.32917 0.975
vt 0.3625 0.975
vt 0.3625 0.775
vt 0.2625 0.775
vt 0.2625 0.975
vt 0.29583 0.775
vt 0.2625 0.975
vt 0.29583 0.975
vt 0.29583 0.775
vt 0.29583 0.775
vt 0.29583 0.975
vt 0.32917 0.775
vt 0.29583 0.975
vt 0.32917 0.975
vt 0.32917 0.775
vt 0.32917 0.775
vt 0.32917 0.975
vt 0.3625 0.775
vt 0.32917 0.975
vt 0.3625 0.975
vt 0.3625 0.775
vt 0.2625 0.775
vt 0.2625 0.975
vt 0.29583 0.975
vt 0.29583 0.775
vt 0.2625 0.775
vt 0.29583 0.975
vt 0.29583 0.775
vt 0.29583 0.975
vt 0.32917 0.975
vt 0.32917 0.775
vt 0.29583 0.775
vt 0.32917 0.975
vt 0.32917 0.775
vt 0.32917 0.975
vt 0.3625 0.975
vt 0.3625 0.775
vt 0.32917 0.775
vt 0.3625 0.975
vt 0.2625 0.775
vt 0.2625 0.975
vt 0.29583 0.975
vt 0.29583 0.775
vt 0.2625 0.775
vt 0.29583 0.975
vt 0.29583 0.775
vt 0.29583 0.975
vt 0.32917 0.975
vt 0.32917 0.775
vt 0.29583 0.775
vt 0.32917 0.975
vt 0.32917 0.775
vt 0.32917 0.975
vt 0.3625 0.975
vt 0.3625 0.775
vt 0.32917 0.775
vt 0.3625 0.975
vt 0.2625 0.775
vt 0.2625 0.975
vt 0.29583 0.775
vt 0.2625 0.975
vt 0.29583 0.975
vt 0.29583 0.775
vt 0.29583 0.775
vt 0.29583 0.975
vt 0.32917 0.775
vt 0.29583 0.975
vt 0.32917 0.975
vt 0.32917 0.775
vt 0.32917 0.775
vt 0.32917 0.975
vt 0.3625 0.775
vt 0.32917 0.975
vt 0.3625 0.975
vt 0.3625 0.775
vt 0.2625 0.775
vt 0.2625 0.975
vt 0.29583 0.775
vt 0.2625 0.975
vt 0.29583 0.975
vt 0.29583 0.775
vt 0.29583 0.775
vt 0.29583 0.975
vt 0.32917 0.775
vt 0.29583 0.975
vt 0.32917 0.975
vt 0.32917 0.775
vt 0.32917 0.775
vt 0.32917 0.975
vt 0.3625 0.775
vt 0.32917 0.975
vt 0.3625 0.975
vt 0.3625 0.775
vt 0.87625 0.025
vt 0.87625 0.225
vt 0.87625 0.225
vt 0.87625 0.025
vt 0.87625 0.025
vt 0.87625 0.225
vt 0.87625 0.025
vt 0.87625 0.225
vt 0.87625 0.225
vt 0.87625 0.025
vt 0.87625 0.025
vt 0.87625 0.225
vt 0.87625 0.025
vt 0.87625 0.225
vt 0.87625 0.225
vt 0.87625 0.025
vt 0.87625 0.025
vt 0.87625 0.225
vt 0.87625 0.025
vt 0.87625 0.225
vt 0.87625 0.225
vt 0.87625 0.025
vt 0.87625 0.025
vt 0.87625 0.225
vt 0.87625 0.025
vt 0.87625 0.225
vt 0.87625 0.225
vt 0.87625 0.025
vt 0.87625 0.025
vt 0.87625 0.225
vt 0.87625 0.025
vt 0.87625 0.225
vt 0.87625 0.225
vt 0.87625 0.025
vt 0.87625 0.025
vt 0.87625 0.225
vt 0.87625 0.025
vt 0.87625 0.225
vt 0.87625 0.025
vt 0.87625 0.225
vt 0.87625 0.225
vt 0.87625 0.025
vt 0.87625 0.025
vt 0.87625 0.225
vt 0.87625 0.025
vt 0.87625 0.225
vt 0.87625 0.225
vt 0.87625 0.025
vt 0.87625 0.025
vt 0.87625 0.225
vt 0.87625 0.025
vt 0.87625 0.225
vt 0.87625 0.225
vt 0.87625 0.025
vt 0.87625 0.025
vt 0.87625 0.225
vt 0.87625 0.025
vt 0.87625 0.225
vt 0.87625 0.225
vt 0.87625 0.025
vt 0.87625 0.025
vt 0.87625 0.225
vt 0.87625 0.025
vt 0.87625 0.225
vt 0.87625 0.225
vt 0.87625 0.025
vt 0.87625 0.025
vt 0.87625 0.225
vt 0.87625 0.025
vt 0.87625 0.225
vt 0.87625 0.225
vt 0.87625 0.025
vt 0.3125 0.775
vt 0.3125 0.975
vt 0.32917 0.975
vt 0.32917 0.775
vt 0.3125 0.775
vt 0.32917 0.975
vt 0.32917 0.775
vt 0.32917 0.975
vt 0.34583 0.975
vt 0.34583 0.775
vt 0.32917 0.775
vt 0.34583 0.975
vt 0.34583 0.775
vt 0.34583 0.975
vt 0.3625 0.975
vt 0.3625 0.775
vt 0.34583 0.775
vt 0.3625 0.975
vt 0.2625 0.775
vt 0.2625 0.975
vt 0.27917 0.975
vt 0.27917 0.775
vt 0.2625 0.775
vt 0.27917 0.975
vt 0.27917 0.775
vt 0.27917 0.975
vt 0.29583 0.975
vt 0.29583 0.775
vt 0.27917 0.775
vt 0.29583 0.975
vt 0.29583 0.775
vt 0.29583 0.975
vt 0.3125 0.975
vt 0.3125 0.775
vt 0.29583 0.775
vt 0.3125 0.975
vt 0.3125 0.775
vt 0.3125 0.975
vt 0.32917 0.775
vt 0.3125 0.975
vt 0.32917 0.975
vt 0.32917 0.775
vt 0.32917 0.775
vt 0.32917 0.975
vt 0.34583 0.775
vt 0.32917 0.975
vt 0.34583 0.975
vt 0.34583 0.775
vt 0.34583 0.775
vt 0.34583 0.975
vt 0.3625 0.775
vt 0.34583 0.975
vt 0.3625 0.975
vt 0.3625 0.775
vt 0.2625 0.775
vt 0.2625 0.975
vt 0.27917 0.775
vt 0.2625 0.975
vt 0.27917 0.975
vt 0.27917 0.775
vt 0.27917 0.775
vt 0.27917 0.975
vt 0.29583 0.775
vt 0.27917 0.975
vt 0.29583 0.975
vt 0.29583 0.775
vt 0.29583 0.775
vt 0.29583 0.975
vt 0.3125 0.775
vt 0.29583 0.975
vt 0.3125 0.975
vt 0.3125 0.775
vt 0.3125 0.775
vt 0.3125 0.975
vt 0.32917 0.975
vt 0.32917 0.775
vt 0.3125 0.775
vt 0.32917 0.975
vt 0.32917 0.775
vt 0.32917 0.975
vt 0.34583 0.975
vt 0.34583 0.775
vt 0.32917 0.775
vt 0.34583 0.975
vt 0.34583 0.775
vt 0.34583 0.975
vt 0.3625 0.975
vt 0.3625 0.775
vt 0.34583 0.775
vt 0.3625 0.975
vt 0.2625 0.775
vt 0.2625 0.975
vt 0.27917 0.975
vt 0.27917 0.775
vt 0.2625 0.775
vt 0.27917 0.975
vt 0.27917 0.775
vt 0.27917 0.975
vt 0.29583 0.975
vt 0.29583 0.775
vt 0.27917 0.775
vt 0.29583 0.975
vt 0.29583 0.775
vt 0.29583 0.975
vt 0.3125 0.975
vt 0.3125 0.775
vt 0.29583 0.775
vt 0.3125 0.975
vt 0.3125 0.775
vt 0.3125 0.975
vt 0.32917 0.775
vt 0.3125 0.975
vt 0.32917 0.975
vt 0.32917 0.775
vt 0.32917 0.775
vt 0.32917 0.975
vt 0.34583 0.775
vt 0.32917 0.975
vt 0.34583 0.975
vt 0.34583 0.775
vt 0.34583 0.775
vt 0.34583 0.975
vt 0.3625 0.775
vt 0.34583 0.975
vt 0.3625 0.975
vt 0.3625 0.775
vt 0.2625 0.775
vt 0.2625 0.975
vt 0.27917 0.775
vt 0.2625 0.975
vt 0.27917 0.975
vt 0.27917 0.775
vt 0.27917 0.775
vt 0.27917 0.975
vt 0.29583 0.775
vt 0.27917 0.975
vt 0.29583 0.975
vt 0.29583 0.775
vt 0.29583 0.775
vt 0.29583 0.975
vt 0.3125 0.775
vt 0.29583 0.975
vt 0.3125 0.975
vt 0.3125 0.775
vt 0.1875 0.275
vt 0.1875 0.475
vt 0.20417 0.475
vt 0.20417 0.275
vt 0.1875 0.275
vt 0.20417 0.475
vt 0.20417 0.275
vt 0.20417 0.475
vt 0.22083 0.475
vt 0.22083 0.275
vt 0.20417 0.275
vt 0.22083 0.475
vt 0.22083 0.275
vt 0.22083 0.475
vt 0.2375 0.475
vt 0.2375 0.275
vt 0.22083 0.275
vt 0.2375 0.475
vt 0.1375 0.275
vt 0.1375 0.475
vt 0.15417 0.475
vt 0.15417 0.275
vt 0.1375 0.275
vt 0.15417 0.475
vt 0.15417 0.275
vt 0.15417 0.475
vt 0.17083 0.475
vt 0.17083 0.275
vt 0.15417 0.275
vt 0.17083 0.475
vt 0.17083 0.275
vt 0.17083 0.475
vt 0.1875 0.475
vt 0.1875 0.275
vt 0.17083 0.275
vt 0.1875 0.475
vt 0.1875 0.275
vt 0.1875 0.475
vt 0.20417 0.275
vt 0.1875 0.475
vt 0.20417 0.475
vt 0.20417 0.275
vt 0.20417 0.275
vt 0.20417 0.475
vt 0.22083 0.275
vt 0.20417 0.475
vt 0.22083 0.475
vt 0.22083 0.275
vt 0.22083 0.275
vt 0.22083 0.475
vt 0.2375 0.275
vt 0.22083 0.475
vt 0.2375 0.475
vt 0.2375 0.275
vt 0.1375 0.275
vt 0.1375 0.475
vt 0.15417 0.275
vt 0.1375 0.475
vt 0.15417 0.475
vt 0.15417 0.275
vt 0.15417 0.275
vt 0.15417 0.475
vt 0.17083 0.275
vt 0.15417 0.475
vt 0.17083 0.475
vt 0.17083 0.275
vt 0.17083 0.275
vt 0.17083 0.475
vt 0.1875 0.275
vt 0.17083 0.475
vt 0.1875 0.475
vt 0.1875 0.275
vt 0.6875 0.525
vt 0.6875 0.725
vt 0.70417 0.725
vt 0.70417 0.525
vt 0.6875 0.525
vt 0.70417 0.725
vt 0.70417 0.525
vt 0.70417 0.725
vt 0.72083 0.725
vt 0.72083 0.525
vt 0.70417 0.525
vt 0.72083 0.725
vt 0.72083 0.525
vt 0.72083 0.725
vt 0.7375 0.725
vt 0.7375 0.525
vt 0.72083 0.525
vt 0.7375 0.725
vt 0.6375 0.525
vt 0.6375 0.725
vt 0.65417 0.725
vt 0.65417 0.525
vt 0.6375 0.525
vt 0.65417 0.725
vt 0.65417 0.525
vt 0.65417 0.725
vt 0.67083 0.725
vt 0.67083 0.525
vt 0.65417 0.525
vt 0.67083 0.725
vt 0.67083 0.525
vt 0.67083 0.725
vt 0.6875 0.725
vt 0.6875 0.525
vt 0.67083 0.525
vt 0.6875 0.725
vt 0.6875 0.525
vt 0.6875 0.725
vt 0.70417 0.525
vt 0.6875 0.725
vt 0.70417 0.725
vt 0.70417 0.525
vt 0.70417 0.525
vt 0.70417 0.725
vt 0.72083 0.525
vt 0.70417 0.725
vt 0.72083 0.725
vt 0.72083 0.525
vt 0.72083 0.525
vt 0.72083 0.725
vt 0.7375 0.525
vt 0.72083 0.725
vt 0.7375 0.725
vt 0.7375 0.525
vt 0.6375 0.525
vt 0.6375 0.725
vt 0.65417 0.525
vt 0.6375 0.725
vt 0.65417 0.725
vt 0.65417 0.525
vt 0.65417 0.525
vt 0.65417 0.725
vt 0.67083 0.525
vt 0.65417 0.725
vt 0.67083 0.725
vt 0.67083 0.525
vt 0.67083 0.525
vt 0.67083 0.725
vt 0.6875 0.525
vt 0.67083 0.725
vt 0.6875 0.725
vt 0.6875 0.525
vt 0.3125 0.775
vt 0.3125 0.975
vt 0.32917 0.975
vt 0.32917 0.775
vt 0.3125 0.775
vt 0.32917 0.975
vt 0.32917 0.775
vt 0.32917 0.975
vt 0.34583 0.975
vt 0.34583 0.775
vt 0.32917 0.775
vt 0.34583 0.975
vt 0.34583 0.775
vt 0.34583 0.975
vt 0.3625 0.975
vt 0.3625 0.775
vt 0.34583 0.775
vt 0.3625 0.975
vt 0.2625 0.775
vt 0.2625 0.975
vt 0.27917 0.975
vt 0.27917 0.775
vt 0.2625 0.775
vt 0.27917 0.975
vt 0.27917 0.775
vt 0.27917 0.975
vt 0.29583 0.975
vt 0.29583 0.775
vt 0.27917 0.775
vt 0.29583 0.975
vt 0.29583 0.775
vt 0.29583 0.975
vt 0.3125 0.975
vt 0.3125 0.775
vt 0.29583 0.775
vt 0.3125 0.975
vt 0.3125 0.775
vt 0.3125 0.975
vt 0.32917 0.775
vt 0.3125 0.975
vt 0.32917 0.975
vt 0.32917 0.775
vt 0.32917 0.775
vt 0.32917 0.975
vt 0.34583 0.775
vt 0.32917 0.975
vt 0.34583 0.975
vt 0.34583 0.775
vt 0.34583 0.775
vt 0.34583 0.975
vt 0.3625 0.775
vt 0.34583 0.975
vt 0.3625 0.975
vt 0.3625 0.775
vt 0.2625 0.775
vt 0.2625 0.975
vt 0.27917 0.775
vt 0.2625 0.975
vt 0.27917 0.975
vt 0.27917 0.775
vt 0.27917 0.775
vt 0.27917 0.975
vt 0.29583 0.775
vt 0.27917 0.975
vt 0.29583 0.975
vt 0.29583 0.775
vt 0.29583 0.775
vt 0.29583 0.975
vt 0.3125 0.775
vt 0.29583 0.975
vt 0.3125 0.975
vt 0.3125 0.775
vt 0.3125 0.775
vt 0.3125 0.975
vt 0.32917 0.975
vt 0.32917 0.775
vt 0.3125 0.775
vt 0.32917 0.975
vt 0.32917 0.775
vt 0.32917 0.975
vt 0.34583 0.975
vt 0.34583 0.775
vt 0.32917 0.775
vt 0.34583 0.975
vt 0.34583 0.775
vt 0.34583 0.975
vt 0.3625 0.975
vt 0.3625 0.775
vt 0.34583 0.775
vt 0.3625 0.975
vt 0.2625 0.775
vt 0.2625 0.975
vt 0.27917 0.975
vt 0.27917 0.775
vt 0.2625 0.775
vt 0.27917 0.975
vt 0.27917 0.775
vt 0.27917 0.975
vt 0.29583 0.975
vt 0.29583 0.775
vt 0.27917 0.775
vt 0.29583 0.975
vt 0.29583 0.775
vt 0.29583 0.975
vt 0.3125 0.975
vt 0.3125 0.775
vt 0.29583 0.775
vt 0.3125 0.975
vt 0.3125 0.775
vt 0.3125 0.975
vt 0.32917 0.775
vt 0.3125 0.975
vt 0.32917 0.975
vt 0.32917 0.775
vt 0.32917 0.775
vt 0.32917 0.975
vt 0.34583 0.775
vt 0.32917 0.975
vt 0.34583 0.975
vt 0.34583 0.775
vt 0.34583 0.775
vt 0.34583 0.975
vt 0.3625 0.775
vt 0.34583 0.975
vt 0.3625 0.975
vt 0.3625 0.775
vt 0.2625 0.775
vt 0.2625 0.975
vt 0.27917 0.775
vt 0.2625 0.975
vt 0.27917 0.975
vt 0.27917 0.775
vt 0.27917 0.775
vt 0.27917 0.975
vt 0.29583 0.775
vt 0.27917 0.975
vt 0.29583 0.975
vt 0.29583 0.775
vt 0.29583 0.775
vt 0.29583 0.975
vt 0.3125 0.775
vt 0.29583 0.975
vt 0.3125 0.975
vt 0.3125 0.775
vt 0.3125 0.775
vt 0.3125 0.975
vt 0.32917 0.975
vt 0.32917 0.775
vt 0.3125 0.775
vt 0.32917 0.975
vt 0.32917 0.775
vt 0.32917 0.975
vt 0.34583 0.975
vt 0.34583 0.775
vt 0.32917 0.775
vt 0.34583 0.975
vt 0.34583 0.775
vt 0.34583 0.975
vt 0.3625 0.975
vt 0.3625 0.775
vt 0.34583 0.775
vt 0.3625 0.975
vt 0.2625 0.775
vt 0.2625 0.975
vt 0.27917 0.975
vt 0.27917 0.775
vt 0.2625 0.775
vt 0.27917 0.975
vt 0.27917 0.775
vt 0.27917 0.975
vt 0.29583 0.975
vt 0.29583 0.775
vt 0.27917 0.775
vt 0.29583 0.975
vt 0.29583 0.775
vt 0.29583 0.975
vt 0.3125 0.975
vt 0.3125 0.775
vt 0.29583 0.775
vt 0.3125 0.975
vt 0.3125 0.775
vt 0.3125 0.975
vt 0.32917 0.775
vt 0.3125 0.975
vt 0.32917 0.975
vt 0.32917 0.775
vt 0.32917 0.775
vt 0.32917 0.975
vt 0.34583 0.775
vt 0.32917 0.975
vt 0.34583 0.975
vt 0.34583 0.775
vt 0.34583 0.775
vt 0.34583 0.975
vt 0.3625 0.775
vt 0.34583 0.975
vt 0.3625 0.975
vt 0.3625 0.775
vt 0.2625 0.775
vt 0.2625 0.975
vt 0.27917 0.775
vt 0.2625 0.975
vt 0.27917 0.975
vt 0.27917 0.775
vt 0.27917 0.775
vt 0.27917 0.975
vt 0.29583 0.775
vt 0.27917 0.975
vt 0.29583 0.975
vt 0.29583 0.775
vt 0.29583 0.775
vt 0.29583 0.975
vt 0.3125 0.775
vt 0.29583 0.975
vt 0.3125 0.975
vt 0.3125 0.775
vt 0.2625 0.775
vt 0.2625 0.975
vt 0.29583 0.975
vt 0.29583 0.775
vt 0.2625 0.775
vt 0.29583 0.975
vt 0.29583 0.775
vt 0.29583 0.975
vt 0.32917 0.975
vt 0.32917 0.775
vt 0.29583 0.775
vt 0.32917 0.975
vt 0.32917 0.775
vt 0.32917 0.975
vt 0.3625 0.975
vt 0.3625 0.775
vt 0.32917 0.775
vt 0.3625 0.975
vt 0.2625 0.775
vt 0.2625 0.975
vt 0.29583 0.975
vt 0.29583 0.775
vt 0.2625 0.775
vt 0.29583 0.975
vt 0.29583 0.775
vt 0.29583 0.975
vt 0.32917 0.975
vt 0.32917 0.775
vt 0.29583 0.775
vt 0.32917 0.975
vt 0.32917 0.775
vt 0.32917 0.975
vt 0.3625 0.975
vt 0.3625 0.775
vt 0.32917 0.775
vt 0.3625 0.975
vt 0.2625 0.775
vt 0.2625 0.975
vt 0.29583 0.775
vt 0.2625 0.975
vt 0.29583 0.975
vt 0.29583 0.775
vt 0.29583 0.775
vt 0.29583 0.975
vt 0.32917 0.775
vt 0.29583 0.975
vt 0.32917 0.975
vt 0.32917 0.775
vt 0.32917 0.775
vt 0.32917 0.975
vt 0.3625 0.775
vt 0.32917 0.975
vt 0.3625 0.975
vt 0.3625 0.775
vt 0.2625 0.775
vt 0.2625 0.975
vt 0.29583 0.775
vt 0.2625 0.975
vt 0.29583 0.975
vt 0.29583 0.775
vt 0.29583 0.775
vt 0.29583 0.975
vt 0.32917 0.775
vt 0.29583 0.975
vt 0.32917 0.975
vt 0.32917 0.775
vt 0.32917 0.775
vt 0.32917 0.975
vt 0.3625 0.775
vt 0.32917 0.975
vt 0.3625 0.975
vt 0.3625 0.775
vt 0.2625 0.775
vt 0.2625 0.975
vt 0.29583 0.975
vt 0.29583 0.775
vt 0.2625 0.775
vt 0.29583 0.975
vt 0.29583 0.775
vt 0.29583 0.975
vt 0.32917 0.975
vt 0.32917 0.775
vt 0.29583 0.775
vt 0.32917 0.975
vt 0.32917 0.775
vt 0.32917 0.975
vt 0.3625 0.975
vt 0.3625 0.775
vt 0.32917 0.775
vt 0.3625 0.975
vt 0.2625 0.775
vt 0.2625 0.975
vt 0.29583 0.975
vt 0.29583 0.775
vt 0.2625 0.775
vt 0.29583 0.975
vt 0.29583 0.775
vt 0.29583 0.975
vt 0.32917 0.975
vt 0.32917 0.775
vt 0.29583 0.775
vt 0.32917 0.975
vt 0.32917 0.775
vt 0.32917 0.975
vt 0.3625 0.975
vt 0.3625 0.775
vt 0.32917 0.775
vt 0.3625 0.975
vt 0.2625 0.775
vt 0.2625 0.975
vt 0.29583 0.775
vt 0.2625 0.975
vt 0.29583 0.975
vt 0.29583 0.775
vt 0.29583 0.775
vt 0.29583 0.975
vt 0.32917 0.775
vt 0.29583 0.975
vt 0.32917 0.975
vt 0.32917 0.775
vt 0.32917 0.775
vt 0.32917 0.975
vt 0.3625 0.775
vt 0.32917 0.975
vt 0.3625 0.975
vt 0.3625 0.775
vt 0.2625 0.775
vt 0.2625 0.975
vt 0.29583 0.775
vt 0.2625 0.975
vt 0.29583 0.975
vt 0.29583 0.775
vt 0.29583 0.775
vt 0.29583 0.975
vt 0.32917 0.775
vt 0.29583 0.975
vt 0.32917 0.975
vt 0.32917 0.775
vt 0.32917 0.775
vt 0.32917 0.975
vt 0.3625 0.775
vt 0.32917 0.975
vt 0.3625 0.975
vt 0.3625 0.775
vt 0.2625 0.775
vt 0.2625 0.975
vt 0.29583 0.975
vt 0.29583 0.775
vt 0.2625 0.775
vt 0.29583 0.975
vt 0.29583 0.775
vt 0.29583 0.975
vt 0.32917 0.975
vt 0.32917 0.775
vt 0.29583 0.775
vt 0.32917 0.975
vt 0.32917 0.775
vt 0.32917 0.975
vt 0.3625 0.975
vt 0.3625 0.775
vt 0.32917 0.775
vt 0.3625 0.975
vt 0.2625 0.775
vt 0.2625 0.975
vt 0.29583 0.975
vt 0.29583 0.775
vt 0.2625 0.775
vt 0.29583 0.975
vt 0.29583 0.775
vt 0.29583 0.975
vt 0.32917 0.975
vt 0.32917 0.775
vt 0.29583 0.775
vt 0.32917 0.975
vt 0.32917 0.775
vt 0.32917 0.975
vt 0.3625 0.975
vt 0.3625 0.775
vt 0.32917 0.775
vt 0.3625 0.975
vt 0.2625 0.775
vt 0.2625 0.975
vt 0.29583 0.775
vt 0.2625 0.975
vt 0.29583 0.975
vt 0.29583 0.775
vt 0.29583 0.775
vt 0.29583 0.975
vt 0.32917 0.775
vt 0.29583 0.975
vt 0.32917 0.975
vt 0.32917 0.775
vt 0.32917 0.775
vt 0.32917 0.975
vt 0.3625 0.775
vt 0.32917 0.975
vt 0.3625 0.975
vt 0.3625 0.775
vt 0.2625 0.775
vt 0.2625 0.975
vt 0.29583 0.775
vt 0.2625 0.975
vt 0.29583 0.975
vt 0.29583 0.775
vt 0.29583 0.775
vt 0.29583 0.975
vt 0.32917 0.775
vt 0.29583 0.975
vt 0.32917 0.975
vt 0.32917 0.775
vt 0.32917 0.775
vt 0.32917 0.975
vt 0.3625 0.775
vt 0.32917 0.975
vt 0.3625 0.975
vt 0.3625 0.775
vt 0.87625 0.025
vt 0.87625 0.225
vt 0.87625 0.225
vt 0.87625 0.025
vt 0.87625 0.025
vt 0.87625 0.225
vt 0.87625 0.025
vt 0.87625 0.225
vt 0.87625 0.225
vt 0.87625 0.025
vt 0.87625 0.025
vt 0.87625 0.225
vt 0.87625 0.025
vt 0.87625 0.225
vt 0.87625 0.225
vt 0.87625 0.025
vt 0.87625 0.025
vt 0.87625 0.225
vt 0.87625 0.025
vt 0.87625 0.225
vt 0.87625 0.225
vt 0.87625 0.025
vt 0.87625 0.025
vt 0.87625 0.225
vt 0.87625 0.025
vt 0.87625 0.225
vt 0.87625 0.225
vt 0.87625 0.025
vt 0.87625 0.025
vt 0.87625 0.225
vt 0.87625 0.025
vt 0.87625 0.225
vt 0.87625 0.225
vt 0.87625 0.025
vt 0.87625 0.025
vt 0.87625 0.225
vt 0.87625 0.025
vt 0.87625 0.225
vt 0.87625 0.025
vt 0.87625 0.225
vt 0.87625 0.225
vt 0.87625 0.025
vt 0.87625 0.025
vt 0.87625 0.225
vt 0.87625 0.025
vt 0.87625 0.225
vt 0.87625 0.225
vt 0.87625 0.025
vt 0.87625 0.025
vt 0.87625 0.225
vt 0.87625 0.025
vt 0.87625 0.225
vt 0.87625 0.225
vt 0.87625 0.025
vt 0.87625 0.025
vt 0.87625 0.225
vt 0.87625 0.025
vt 0.87625 0.225
vt 0.87625 0.225
vt 0.87625 0.025
vt 0.87625 0.025
vt 0.87625 0.225
vt 0.87625 0.025
vt 0.87625 0.225
vt 0.87625 0.225
vt 0.87625 0.025
vt 0.87625 0.025
vt 0.87625 0.225
vt 0.87625 0.025
vt 0.87625 0.225
vt 0.87625 0.225
vt 0.87625 0.025
vt 0.3125 0.775
vt 0.3125 0.975
vt 0.32917 0.975
vt 0.32917 0.775
vt 0.3125 0.775
vt 0.32917 0.975
vt 0.32917 0.775
vt 0.32917 0.975
vt 0.34583 0.975
vt 0.34583 0.775
vt 0.32917 0.775
vt 0.34583 0.975
vt 0.34583 0.775
vt 0.34583 0.975
vt 0.3625 0.975
vt 0.3625 0.775
vt 0.34583 0.775
vt 0.3625 0.975
vt 0.2625 0.775
vt 0.2625 0.975
vt 0.27917 0.975
vt 0.27917 0.775
vt 0.2625 0.775
vt 0.27917 0.975
vt 0.27917 0.775
vt 0.27917 0.975
vt 0.29583 0.975
vt 0.29583 0.775
vt 0.27917 0.775
vt 0.29583 0.975
vt 0.29583 0.775
vt 0.29583 0.975
vt 0.3125 0.975
vt 0.3125 0.775
vt 0.29583 0.775
vt 0.3125 0.975
vt 0.3125 0.775
vt 0.3125 0.975
vt 0.32917 0.775
vt 0.3125 0.975
vt 0.32917 0.975
vt 0.32917 0.775
vt 0.32917 0.775
vt 0.32917 0.975
vt 0.34583 0.775
vt 0.32917 0.975
vt 0.34583 0.975
vt 0.34583 0.775
vt 0.34583 0.775
vt 0.34583 0.975
vt 0.3625 0.775
vt 0.34583 0.975
vt 0.3625 0.975
vt 0.3625 0.775
vt 0.2625 0.775
vt 0.2625 0.975
vt 0.27917 0.775
vt 0.2625 0.975
vt 0.27917 0.975
vt 0.27917 0.775
vt 0.27917 0.775
vt 0.27917 0.975
vt 0.29583 0.775
vt 0.27917 0.975
vt 0.29583 0.975
vt 0.29583 0.775
vt 0.29583 0.775
vt 0.29583 0.975
vt 0.3125 0.775
vt 0.29583 0.975
vt 0.3125 0.975
vt 0.3125 0.775
vt 0.3125 0.775
vt 0.3125 0.975
vt 0.32917 0.975
vt 0.32917 0.775
vt 0.3125 0.775
vt 0.32917 0.975
vt 0.32917 0.775
vt 0.32917 0.975
vt 0.34583 0.975
vt 0.34583 0.775
vt 0.32917 0.775
vt 0.34583 0.975
vt 0.34583 0.775
vt 0.34583 0.975
vt 0.3625 0.975
vt 0.3625 0.775
vt 0.34583 0.775
vt 0.3625 0.975
vt 0.2625 0.775
vt 0.2625 0.975
vt 0.27917 0.975
vt 0.27917 0.775
vt 0.2625 0.775
vt 0.27917 0.975
vt 0.27917 0.775
vt 0.27917 0.975
vt 0.29583 0.975
vt 0.29583 0.775
vt 0.27917 0.775
vt 0.29583 0.975
vt 0.29583 0.775
vt 0.29583 0.975
vt 0.3125 0.975
vt 0.3125 0.775
vt 0.29583 0.775
vt 0.3125 0.975
vt 0.3125 0.775
vt 0.3125 0.975
vt 0.32917 0.775
vt 0.3125 0.975
vt 0.32917 0.975
vt 0.32917 0.775
vt 0.32917 0.775
vt 0.32917 0.975
vt 0.34583 0.775
vt 0.32917 0.975
vt 0.34583 0.975
vt 0.34583 0.775
vt 0.34583 0.775
vt 0.34583 0.975
vt 0.3625 0.775
vt 0.34583 0.975
vt 0.3625 0.975
vt 0.3625 0.775
vt 0.2625 0.775
vt 0.2625 0.975
vt 0.27917 0.775
vt 0.2625 0.975
vt 0.27917 0.975
vt 0.27917 0.775
vt 0.27917 0.775
vt 0.27917 0.975
vt 0.29583 0.775
vt 0.27917 0.975
vt 0.29583 0.975
vt 0.29583 0.775
vt 0.29583 0.775
vt 0.29583 0.975
vt 0.3125 0.775
vt 0.29583 0.975
vt 0.3125 0.975
vt 0.3125 0.775
vt 0.1875 0.275
vt 0.1875 0.475
vt 0.20417 0.475
vt 0.20417 0.275
vt 0.1875 0.275
vt 0.20417 0.475
vt 0.20417 0.275
vt 0.20417 0.475
vt 0.22083 0.475
vt 0.22083 0.275
vt 0.20417 0.275
vt 0.22083 0.475
vt 0.22083 0.275
vt 0.22083 0.475
vt 0.2375 0.475
vt 0.2375 0.275
vt 0.22083 0.275
vt 0.2375 0.475
vt 0.1375 0.275
vt 0.1375 0.475
vt 0.15417 0.475
vt 0.15417 0.275
vt 0.1375 0.275
vt 0.15417 0.475
vt 0.15417 0.275
vt 0.15417 0.475
vt 0.17083 0.475
vt 0.17083 0.275
vt 0.15417 0.275
vt 0.17083 0.475
vt 0.17083 0.275
vt 0.17083 0.475
vt 0.1875 0.475
vt 0.1875 0.275
vt 0.17083 0.275
vt 0.1875 0.475
vt 0.1875 0.275
vt 0.1875 0.475
vt 0.20417 0.275
vt 0.1875 0.475
vt 0.20417 0.475
vt 0.20417 0.275
vt 0.20417 0.275
vt 0.20417 0.475
vt 0.22083 0.275
vt 0.20417 0.475
vt 0.22083 0.475
vt 0.22083 0.275
vt 0.22083 0.275
vt 0.22083 0.475
vt 0.2375 0.275
vt 0.22083 0.475
vt 0.2375 0.475
vt 0.2375 0.275
vt 0.1375 0.275
vt 0.1375 0.475
vt 0.15417 0.275
vt 0.1375 0.475
vt 0.15417 0.475
vt 0.15417 0.275
vt 0.15417 0.275
vt 0.15417 0.475
vt 0.17083 0.275
vt 0.15417 0.475
vt 0.17083 0.475
vt 0.17083 0.275
vt 0.17083 0.275
vt 0.17083 0.475
vt 0.1875 0.275
vt 0.17083 0.475
vt 0.1875 0.475
vt 0.1875 0.275
vt 0.6875 0.525
vt 0.6875 0.725
vt 0.70417 0.725
vt 0.70417 0.525
vt 0.6875 0.525
vt 0.70417 0.725
vt 0.70417 0.525
vt 0.70417 0.725
vt 0.72083 0.725
vt 0.72083 0.525
vt 0.70417 0.525
vt 0.72083 0.725
vt 0.72083 0.525
vt 0.72083 0.725
vt 0.7375 0.725
vt 0.7375 0.525
vt 0.72083 0.525
vt 0.7375 0.725
vt 0.6375 0.525
vt 0.6375 0.725
vt 0.65417 0.725
vt 0.65417 0.525
vt 0.6375 0.525
vt 0.65417 0.725
vt 0.65417 0.525
vt 0.65417 0.725
vt 0.67083 0.725
vt 0.67083 0.525
vt 0.65417 0.525
vt 0.67083 0.725
vt 0.67083 0.525
vt 0.67083 0.725
vt 0.6875 0.725
vt 0.6875 0.525
vt 0.67083 0.525
vt 0.6875 0.725
vt 0.6875 0.525
vt 0.6875 0.725
vt 0.70417 0.525
vt 0.6875 0.725
vt 0.70417 0.725
vt 0.70417 0.525
vt 0.70417 0.525
vt 0.70417 0.725
vt 0.72083 0.525
vt 0.70417 0.725
vt 0.72083 0.725
vt 0.72083 0.525
vt 0.72083 0.525
vt 0.72083 0.725
vt 0.7375 0.525
vt 0.72083 0.725
vt 0.7375 0.725
vt 0.7375 0.525
vt 0.6375 0.525
vt 0.6375 0.725
vt 0.65417 0.525
vt 0.6375 0.725
vt 0.65417 0.725
vt 0.65417 0.525
vt 0.65417 0.525
vt 0.65417 0.725
vt 0.67083 0.525
vt 0.65417 0.725
vt 0.67083 0.725
vt 0.67083 0.525
vt 0.67083 0.525
vt 0.67083 0.725
vt 0.6875 0.525
vt 0.67083 0.725
vt 0.6875 0.725
vt 0.6875 0.525
vt 0.3125 0.775
vt 0.3125 0.975
vt 0.32917 0.975
vt 0.32917 0.775
vt 0.3125 0.775
vt 0.32917 0.975
vt 0.32917 0.775
vt 0.32917 0.975
vt 0.34583 0.975
vt 0.34583 0.775
vt 0.32917 0.775
vt 0.34583 0.975
vt 0.34583 0.775
vt 0.34583 0.975
vt 0.3625 0.975
vt 0.3625 0.775
vt 0.34583 0.775
vt 0.3625 0.975
vt 0.2625 0.775
vt 0.2625 0.975
vt 0.27917 0.975
vt 0.27917 0.775
vt 0.2625 0.775
vt 0.27917 0.975
vt 0.27917 0.775
vt 0.27917 0.975
vt 0.29583 0.975
vt 0.29583 0.775
vt 0.27917 0.775
vt 0.29583 0.975
vt 0.29583 0.775
vt 0.29583 0.975
vt 0.3125 0.975
vt 0.3125 0.775
vt 0.29583 0.775
vt 0.3125 0.975
vt 0.3125 0.775
vt 0.3125 0.975
vt 0.32917 0.775
vt 0.3125 0.975
vt 0.32917 0.975
vt 0.32917 0.775
vt 0.32917 0.775
vt 0.32917 0.975
vt 0.34583 0.775
vt 0.32917 0.975
vt 0.34583 0.975
vt 0.34583 0.775
vt 0.34583 0.775
vt 0.34583 0.975
vt 0.3625 0.775
vt 0.34583 0.975
vt 0.3625 0.975
vt 0.3625 0.775
vt 0.2625 0.775
vt 0.2625 0.975
vt 0.27917 0.775
vt 0.2625 0.975
vt 0.27917 0.975
vt 0.27917 0.775
vt 0.27917 0.775
vt 0.27917 0.975
vt 0.29583 0.775
vt 0.27917 0.975
vt 0.29583 0.975
vt 0.29583 0.775
vt 0.29583 0.775
vt 0.29583 0.975
vt 0.3125 0.775
vt 0.29583 0.975
vt 0.3125 0.975
vt 0.3125 0.775
vt 0.3125 0.775
vt 0.3125 0.975
vt 0.32917 0.975
vt 0.32917 0.775
vt 0.3125 0.775
vt 0.32917 0.975
vt 0.32917 0.775
vt 0.32917 0.975
vt 0.34583 0.975
vt 0.34583 0.775
vt 0.32917 0.775
vt 0.34583 0.975
vt 0.34583 0.775
vt 0.34583 0.975
vt 0.3625 0.975
vt 0.3625 0.775
vt 0.34583 0.775
vt 0.3625 0.975
vt 0.2625 0.775
vt 0.2625 0.975
vt 0.27917 0.975
vt 0.27917 0.775
vt 0.2625 0.775
vt 0.27917 0.975
vt 0.27917 0.775
vt 0.27917 0.975
vt 0.29583 0.975
vt 0.29583 0.775
vt 0.27917 0.775
vt 0.29583 0.975
vt 0.29583 0.775
vt 0.29583 0.975
vt 0.3125 0.975
vt 0.3125 0.775
vt 0.29583 0.775
vt 0.3125 0.975
vt 0.3125 0.775
vt 0.3125 0.975
vt 0.32917 0.775
vt 0.3125 0.975
vt 0.32917 0.975
vt 0.32917 0.775
vt 0.32917 0.775
vt 0.32917 0.975
vt 0.34583 0.775
vt 0.32917 0.975
vt 0.34583 0.975
vt 0.34583 0.775
vt 0.34583 0.775
vt 0.34583 0.975
vt 0.3625 0.775
vt 0.34583 0.975
vt 0.3625 0.975
vt 0.3625 0.775
vt 0.2625 0.775
vt 0.2625 0.975
vt 0.27917 0.775
vt 0.2625 0.975
vt 0.27917 0.975
vt 0.27917 0.775
vt 0.27917 0.775
vt 0.27917 0.975
vt 0.29583 0.775
vt 0.27917 0.975
vt 0.29583 0.975
vt 0.29583 0.775
vt 0.29583 0.775
vt 0.29583 0.975
vt 0.3125 0.775
vt 0.29583 0.975
vt 0.3125 0.975
vt 0.3125 0.775
vt 0.3125 0.775
vt 0.3125 0.975
vt 0.32917 0.975
vt 0.32917 0.775
vt 0.3125 0.775
vt 0.32917 0.975
vt 0.32917 0.775
vt 0.32917 0.975
vt 0.34583 0.975
vt 0.34583 0.775
vt 0.32917 0.775
vt 0.34583 0.975
vt 0.34583 0.775
vt 0.34583 0.975
vt 0.3625 0.975
vt 0.3625 0.775
vt 0.34583 0.775
vt 0.3625 0.975
vt 0.2625 0.775
vt 0.2625 0.975
vt 0.27917 0.975
vt 0.27917 0.775
vt 0.2625 0.775
vt 0.27917 0.975
vt 0.27917 0.775
vt 0.27917 0.975
vt 0.29583 0.975
vt 0.29583 0.775
vt 0.27917 0.775
vt 0.29583 0.975
vt 0.29583 0.775
vt 0.29583 0.975
vt 0.3125 0.975
vt 0.3125 0.775
vt 0.29583 0.775
vt 0.3125 0.975
vt 0.3125 0.775
vt 0.3125 0.975
vt 0.32917 0.775
vt 0.3125 0.975
vt 0.32917 0.975
vt 0.32917 0.775
vt 0.32917 0.775
vt 0.32917 0.975
vt 0.34583 0.775
vt 0.32917 0.975
vt 0.34583 0.975
vt 0.34583 0.775
vt 0.34583 0.775
vt 0.34583 0.975
vt 0.3625 0.775
vt 0.34583 0.975
vt 0.3625 0.975
vt 0.3625 0.775
vt 0.2625 0.775
vt 0.2625 0.975
vt 0.27917 0.775
vt 0.2625 0.975
vt 0.27917 0.975
vt 0.27917 0.775
vt 0.27917 0.775
vt 0.27917 0.975
vt 0.29583 0.775
vt 0.27917 0.975
vt 0.29583 0.975
vt 0.29583 0.775
vt 0.29583 0.775
vt 0.29583 0.975
vt 0.3125 0.775
vt 0.29583 0.975
vt 0.3125 0.975
vt 0.3125 0.775
vt 0.2625 0.775
vt 0.2625 0.975
vt 0.29583 0.975
vt 0.29583 0.775
vt 0.2625 0.775
vt 0.29583 0.975
vt 0.29583 0.775
vt 0.29583 0.975
vt 0.32917 0.975
vt 0.32917 0.775
vt 0.29583 0.775
vt 0.32917 0.975
vt 0.32917 0.775
vt 0.32917 0.975
vt 0.3625 0.975
vt 0.3625 0.775
vt 0.32917 0.775
vt 0.3625 0.975
vt 0.2625 0.775
vt 0.2625 0.975
vt 0.29583 0.975
vt 0.29583 0.775
vt 0.2625 0.775
vt 0.29583 0.975
vt 0.29583 0.775
vt 0.29583 0.975
vt 0.32917 0.975
vt 0.32917 0.775
vt 0.29583 0.775
vt 0.32917 0.975
vt 0.32917 0.775
vt 0.32917 0.975
vt 0.3625 0.975
vt 0.3625 0.775
vt 0.32917 0.775
vt 0.3625 0.975
vt 0.2625 0.775
vt 0.2625 0.975
vt 0.29583 0.775
vt 0.2625 0.975
vt 0.29583 0.975
vt 0.29583 0.775
vt 0.29583 0.775
vt 0.29583 0.975
vt 0.32917 0.775
vt 0.29583 0.975
vt 0.32917 0.975
vt 0.32917 0.775
vt 0.32917 0.775
vt 0.32917 0.975
vt 0.3625 0.775
vt 0.32917 0.975
vt 0.3625 0.975
vt 0.3625 0.775
vt 0.2625 0.775
vt 0.2625 0.975
vt 0.29583 0.775
vt 0.2625 0.975
vt 0.29583 0.975
vt 0.29583 0.775
vt 0.29583 0.775
vt 0.29583 0.975
vt 0.32917 0.775
vt 0.29583 0.975
vt 0.32917 0.975
vt 0.32917 0.775
vt 0.32917 0.775
vt 0.32917 0.975
vt 0.3625 0.775
vt 0.32917 0.975
vt 0.3625 0.975
vt 0.3625 0.775
vt 0.2625 0.775
vt 0.2625 0.975
vt 0.29583 0.975
vt 0.29583 0.775
vt 0.2625 0.775
vt 0.29583 0.975
vt 0.29583 0.775
vt 0.29583 0.975
vt 0.32917 0.975
vt 0.32917 0.775
vt 0.29583 0.775
vt 0.32917 0.975
vt 0.32917 0.775
vt 0.32917 0.975
vt 0.3625 0.975
vt 0.3625 0.775
vt 0.32917 0.775
vt 0.3625 0.975
vt 0.2625 0.775
vt 0.2625 0.975
vt 0.29583 0.975
vt 0.29583 0.775
vt 0.2625 0.775
vt 0.29583 0.975
vt 0.29583 0.775
vt 0.29583 0.975
vt 0.32917 0.975
vt 0.32917 0.775
vt 0.29583 0.775
vt 0.32917 0.975
vt 0.32917 0.775
vt 0.32917 0.975
vt 0.3625 0.975
vt 0.3625 0.775
vt 0.32917 0.775
vt 0.3625 0.975
vt 0.2625 0.775
vt 0.2625 0.975
vt 0.29583 0.775
vt 0.2625 0.975
vt 0.29583 0.975
vt 0.29583 0.775
vt 0.29583 0.775
vt 0.29583 0.975
vt 0.32917 0.775
vt 0.29583 0.975
vt 0.32917 0.975
vt 0.32917 0.775
vt 0.32917 0.775
vt 0.32917 0.975
vt 0.3625 0.775
vt 0.32917 0.975
vt 0.3625 0.975
vt 0.3625 0.775
vt 0.2625 0.775
vt 0.2625 0.975
vt 0.29583 0.775
vt 0.2625 0.975
vt 0.29583 0.975
vt 0.29583 0.775
vt 0.29583 0.775
vt 0.29583 0.975
vt 0.32917 0.775
vt 0.29583 0.975
vt 0.32917 0.975
vt 0.32917 0.775
vt 0.32917 0.775
vt 0.32917 0.975
vt 0.3625 0.775
vt 0.32917 0.975
vt 0.3625 0.975
vt 0.3625 0.775
vt 0.2625 0.775
vt 0.2625 0.975
vt 0.29583 0.975
vt 0.29583 0.775
vt 0.2625 0.775
vt 0.29583 0.975
vt 0.29583 0.775
vt 0.29583 0.975
vt 0.32917 0.975
vt 0.32917 0.775
vt 0.29583 0.775
vt 0.32917 0.975
vt 0.32917 0.775
vt 0.32917 0.975
vt 0.3625 0.975
vt 0.3625 0.775
vt 0.32917 0.775
vt 0.3625 0.975
vt 0.2625 0.775
vt 0.2625 0.975
vt 0.29583 0.975
vt 0.29583 0.775
vt 0.2625 0.775
vt 0.29583 0.975
vt 0.29583 0.775
vt 0.29583 0.975
vt 0.32917 0.975
vt 0.32917 0.775
vt 0.29583 0.775
vt 0.32917 0.975
vt 0.32917 0.775
vt 0.32917 0.975
vt 0.3625 0.975
vt 0.3625 0.775
vt 0.32917 0.775
vt 0.3625 0.975
vt 0.2625 0.775
vt 0.2625 0.975
vt 0.29583 0.775
vt 0.2625 0.975
vt 0.29583 0.975
vt 0.29583 0.775
vt 0.29583 0.775
vt 0.29583 0.975
vt 0.32917 0.775
vt 0.29583 0.975
vt 0.32917 0.975
vt 0.32917 0.775
vt 0.32917 0.775
vt 0.32917 0.975
vt 0.3625 0.775
vt 0.32917 0.975
vt 0.3625 0.975
vt 0.3625 0.775
vt 0.2625 0.775
vt 0.2625 0.975
vt 0.29583 0.775
vt 0.2625 0.975
vt 0.29583 0.975
vt 0.29583 0.775
vt 0.29583 0.775
vt 0.29583 0.975
vt 0.32917 0.775
vt 0.29583 0.975
vt 0.32917 0.975
vt 0.32917 0.775
vt 0.32917 0.775
vt 0.32917 0.975
vt 0.3625 0.775
vt 0.32917 0.975
vt 0.3625 0.975
vt 0.3625 0.775
vt 0.87625 0.025
vt 0.87625 0.225
vt 0.87625 0.225
vt 0.87625 0.025
vt 0.87625 0.025
vt 0.87625 0.225
vt 0.87625 0.025
vt 0.87625 0.225
vt 0.87625 0.225
vt 0.87625 0.025
vt 0.87625 0.025
vt 0.87625 0.225
vt 0.87625 0.025
vt 0.87625 0.225
vt 0.87625 0.225
vt 0.87625 0.025
vt 0.87625 0.025
vt 0.87625 0.225
vt 0.87625 0.025
vt 0.87625 0.225
vt 0.87625 0.225
vt 0.87625 0.025
vt 0.87625 0.025
vt 0.87625 0.225
vt 0.87625 0.025
vt 0.87625 0.225
vt 0.87625 0.225
vt 0.87625 0.025
vt 0.87625 0.025
vt 0.87625 0.225
vt 0.87625 0.025
vt 0.87625 0.225
vt 0.87625 0.225
vt 0.87625 0.025
vt 0.87625 0.025
vt 0.87625 0.225
vt 0.87625 0.025
vt 0.87625 0.225
vt 0.87625 0.025
vt 0.87625 0.225
vt 0.87625 0.225
vt 0.87625 0.025
vt 0.87625 0.025
vt 0.87625 0.225
vt 0.87625 0.025
vt 0.87625 0.225
vt 0.87625 0.225
vt 0.87625 0.025
vt 0.87625 0.025
vt 0.87625 0.225
vt 0.87625 0.025
vt 0.87625 0.225
vt 0.87625 0.225
vt 0.87625 0.025
vt 0.87625 0.025
vt 0.87625 0.225
vt 0.87625 0.025
vt 0.87625 0.225
vt 0.87625 0.225
vt 0.87625 0.025
vt 0.87625 0.025
vt 0.87625 0.225
vt 0.87625 0.025
vt 0.87625 0.225
vt 0.87625 0.225
vt 0.87625 0.025
vt 0.87625 0.025
vt 0.87625 0.225
vt 0.87625 0.025
vt 0.87625 0.225
vt 0.87625 0.225
vt 0.87625 0.025
vt 0.3125 0.775
vt 0.3125 0.975
vt 0.32917 0.975
vt 0.32917 0.775
vt 0.3125 0.775
vt 0.32917 0.975
vt 0.32917 0.775
vt 0.32917 0.975
vt 0.34583 0.975
vt 0.34583 0.775
vt 0.32917 0.775
vt 0.34583 0.975
vt 0.34583 0.775
vt 0.34583 0.975
vt 0.3625 0.975
vt 0.3625 0.775
vt 0.34583 0.775
vt 0.3625 0.975
vt 0.2625 0.775
vt 0.2625 0.975
vt 0.27917 0.975
vt 0.27917 0.775
vt 0.2625 0.775
vt 0.27917 0.975
vt 0.27917 0.775
vt 0.27917 0.975
vt 0.29583 0.975
vt 0.29583 0.775
vt 0.27917 0.775
vt 0.29583 0.975
vt 0.29583 0.775
vt 0.29583 0.975
vt 0.3125 0.975
vt 0.3125 0.775
vt 0.29583 0.775
vt 0.3125 0.975
vt 0.3125 0.775
vt 0.3125 0.975
vt 0.32917 0.775
vt 0.3125 0.975
vt 0.32917 0.975
vt 0.32917 0.775
vt 0.32917 0.775
vt 0.32917 0.975
vt 0.34583 0.775
vt 0.32917 0.975
vt 0.34583 0.975
vt 0.34583 0.775
vt 0.34583 0.775
vt 0.34583 0.975
vt 0.3625 0.775
vt 0.34583 0.975
vt 0.3625 0.975
vt 0.3625 0.775
vt 0.2625 0.775
vt 0.2625 0.975
vt 0.27917 0.775
vt 0.2625 0.975
vt 0.27917 0.975
vt 0.27917 0.775
vt 0.27917 0.775
vt 0.27917 0.975
vt 0.29583 0.775
vt 0.27917 0.975
vt 0.29583 0.975
vt 0.29583 0.775
vt 0.29583 0.775
vt 0.29583 0.975
vt 0.3125 0.775
vt 0.29583 0.975
vt 0.3125 0.975
vt 0.3125 0.775
vt 0.3125 0.775
vt 0.3125 0.975
vt 0.32917 0.975
vt 0.32917 0.775
vt 0.3125 0.775
vt 0.32917 0.975
vt 0.32917 0.775
vt 0.32917 0.975
vt 0.34583 0.975
vt 0.34583 0.775
vt 0.32917 0.775
vt 0.34583 0.975
vt 0.34583 0.775
vt 0.34583 0.975
vt 0.3625 0.975
vt 0.3625 0.775
vt 0.34583 0.775
vt 0.3625 0.975
vt 0.2625 0.775
vt 0.2625 0.975
vt 0.27917 0.975
vt 0.27917 0.775
vt 0.2625 0.775
vt 0.27917 0.975
vt 0.27917 0.775
vt 0.27917 0.975
vt 0.29583 0.975
vt 0.29583 0.775
vt 0.27917 0.775
vt 0.29583 0.975
vt 0.29583 0.775
vt 0.29583 0.975
vt 0.3125 0.975
vt 0.3125 0.775
vt 0.29583 0.775
vt 0.3125 0.975
vt 0.3125 0.775
vt 0.3125 0.975
vt 0.32917 0.775
vt 0.3125 0.975
vt 0.32917 0.975
vt 0.32917 0.775
vt 0.32917 0.775
vt 0.32917 0.975
vt 0.34583 0.775
vt 0.32917 0.975
vt 0.34583 0.975
vt 0.34583 0.775
vt 0.34583 0.775
vt 0.34583 0.975
vt 0.3625 0.775
vt 0.34583 0.975
vt 0.3625 0.975
vt 0.3625 0.775
vt 0.2625 0.775
vt 0.2625 0.975
vt 0.27917 0.775
vt 0.2625 0.975
vt 0.27917 0.975
vt 0.27917 0.775
vt 0.27917 0.775
vt 0.27917 0.975
vt 0.29583 0.775
vt 0.27917 0.975
vt 0.29583 0.975
vt 0.29583 0.775
vt 0.29583 0.775
vt 0.29583 0.975
vt 0.3125 0.775
vt 0.29583 0.975
vt 0.3125 0.975
vt 0.3125 0.775

f 13/1 1/2 2/3
f 14/4 13/5 2/6
f 14/7 2/8 3/9
f 15/10 14/11 3/12
f 15/13 3/14 4/15
f 16/16 15/17 4/18
f 16/19 4/20 5/21
f 17/22 16/23 5/24
f 17/25 5/26 6/27
f 18/28 17/29 6/30
f 18/31 6/32 7/33
f 19/34 18/35 7/36
f 19/37 7/38 20/39
f 7/40 8/41 20/42
f 20/43 8/44 21/45
f 8/46 9/47 21/48
f 21/49 9/50 22/51
f 9/52 10/53 22/54
f 22/55 10/56 23/57
f 10/58 11/59 23/60
f 23/61 11/62 24/63
f 11/64 12/65 24/66
f 24/67 12/68 13/69
f 12/70 1/71 13/72
f 25/73 13/74 14/75
f 26/76 25/77 14/78
f 26/79 14/80 15/81
f 27/82 26/83 15/84
f 27/85 15/86 16/87
f 28/88 27/89 16/90
f 28/91 16/92 17/93
f 29/94 28/95 17/96
f 29/97 17/98 18/99
f 30/100 29/101 18/102
f 30/103 18/104 19/105
f 31/106 30/107 19/108
f 31/109 19/110 32/111
f 19/112 20/113 32/114
f 32/115 20/116 33/117
f 20/118 21/119 33/120
f 33/121 21/122 34/123
f 21/124 22/125 34/126
f 34/127 22/128 35/129
f 22/130 23/131 35/132
f 35/133 23/134 36/135
f 23/136 24/137 36/138
f 36/139 24/140 25/141
f 24/142 13/143 25/144
f 37/145 25/146 26/147
f 38/148 37/149 26/150
f 38/151 26/152 27/153
f 39/154 38/155 27/156
f 39/157 27/158 28/159
f 40/160 39/161 28/162
f 40/163 28/164 29/165
f 41/166 40/167 29/168
f 41/169 29/170 30/171
f 42/172 41/173 30/174
f 42/175 30/176 31/177
f 43/178 42/179 31/180
f 43/181 31/182 44/183
f 31/184 32/185 44/186
f 44/187 32/188 45/189
f 32/190 33/191 45/192
f 45/193 33/194 46/195
f 33/196 34/197 46/198
f 46/199 34/200 47/201
f 34/202 35/203 47/204
f 47/205 35/206 48/207
f 35/208 36/209 48/210
f 48/211 36/212 37/213
f 36/214 25/215 37/216
f 49/217 37/218 38/219
f 50/220 49/221 38/222
f 50/223 38/224 39/225
f 51/226 50/227 39/228
f 51/229 39/230 40/231
f 52/232 51/233 40/234
f 52/235 40/236 41/237
f 53/238 52/239 41/240
f 53/241 41/242 42/243
f 54/244 53/245 42/246
f 54/247 42/248 43/249
f 55/250 54/251 43/252
f 55/253 43/254 56/255
f 43/256 44/257 56/258
f 56/259 44/260 57/261
f 44/262 45/263 57/264
f 57/265 45/266 58/267
f 45/268 46/269 58/270
f 58/271 46/272 59/273
f 46/274 47/275 59/276
f 59/277 47/278 60/279
f 47/280 48/281 60/282
f 60/283 48/284 49/285
f 48/286 37/287 49/288
f 61/289 49/290 50/291
f 62/292 61/293 50/294
f 62/295 50/296 51/297
f 63/298 62/299 51/300
f 63/301 51/302 52/303
f 64/304 63/305 52/306
f 64/307 52/308 53/309
f 65/310 64/311 53/312
f 65/313 53/314 54/315
f 66/316 65/317 54/318
f 66/319 54/320 55/321
f 67/322 66/323 55/324
f 67/325 55/326 68/327
f 55/328 56/329 68/330
f 68/331 56/332 69/333
f 56/334 57/335 69/336
f 69/337 57/338 70/339
f 57/340 58/341 70/342
f 70/343 58/344 71/345
f 58/346 59/347 71/348
f 71/349 59/350 72/351
f 59/352 60/353 72/354
f 72/355 60/356 61/357
f 60/358 49/359 61/360
f 73/361 61/362 62/363
f 74/364 73/365 62/366
f 74/367 62/368 63/369
f 75/370 74/371 63/372
f 75/373 63/374 64/375
f 76/376 75/377 64/378
f 76/379 64/380 65/381
f 77/382 76/383 65/384
f 77/385 65/386 66/387
f 78/388 77/389 66/390
f 78/391 66/392 67/393
f 79/394 78/395 67/396
f 79/397 67/398 80/399
f 67/400 68/401 80/402
f 80/403 68/404 81/405
f 68/406 69/407 81/408
f 81/409 69/410 82/411
f 69/412 70/413 82/414
f 82/415 70/416 83/417
f 70/418 71/419 83/420
f 83/421 71/422 84/423
f 71/424 72/425 84/426
f 84/427 72/428 73/429
f 72/430 61/431 73/432
f 85/433 73/434 74/435
f 86/436 85/437 74/438
f 86/439 74/440 75/441
f 87/442 86/443 75/444
f 87/445 75/446 76/447
f 88/448 87/449 76/450
f 88/451 76/452 77/453
f 89/454 88/455 77/456
f 89/457 77/458 78/459
f 90/460 89/461 78/462
f 90/463 78/464 79/465
f 91/466 90/467 79/468
f 91/469 79/470 92/471
f 79/472 80/473 92/474
f 92/475 80/476 93/477
f 80/478 81/479 93/480
f 93/481 81/482 94/483
f 81/484 82/485 94/486
f 94/487 82/488 95/489
f 82/490 83/491 95/492
f 95/493 83/494 96/495
f 83/496 84/497 96/498
f 96/499 84/500 85/501
f 84/502 73/503 85/504
f 97/505 85/506 86/507
f 98/508 97/509 86/510
f 98/511 86/512 87/513
f 99/514 98/515 87/516
f 99/517 87/518 88/519
f 100/520 99/521 88/522
f 100/523 88/524 89/525
f 101/526 100/527 89/528
f 101/529 89/530 90/531
f 102/532 101/533 90/534
f 102/535 90/536 91/537
f 103/538 102/539 91/540
f 103/541 91/542 104/543
f 91/544 92/545 104/546
f 104/547 92/548 105/549
f 92/550 93/551 105/552
f 105/553 93/554 106/555
f 93/556 94/557 106/558
f 106/559 94/560 107/561
f 94/562 95/563 107/564
f 107/565 95/566 108/567
f 95/568 96/569 108/570
f 108/571 96/572 97/573
f 96/574 85/575 97/576
f 109/577 97/578 98/579
f 110/580 109/581 98/582
f 110/583 98/584 99/585
f 111/586 110/587 99/588
f 111/589 99/590 100/591
f 112/592 111/593 100/594
f 112/595 100/596 101/597
f 113/598 112/599 101/600
f 113/601 101/602 102/603
f 114/604 113/605 102/606
f 114/607 102/608 103/609
f 115/610 114/611 103/612
f 115/613 103/614 116/615
f 103/616 104/617 116/618
f 116/619 104/620 117/621
f 104/622 105/623 117/624
f 117/625 105/626 118/627
f 105/628 106/629 118/630
f 118/631 106/632 119/633
f 106/634 107/635 119/636
f 119/637 107/638 120/639
f 107/640 108/641 120/642
f 120/643 108/644 109/645
f 108/646 97/647 109/648
f 121/649 109/650 110/651
f 122/652 121/653 110/654
f 122/655 110/656 111/657
f 123/658 122/659 111/660
f 123/661 111/662 112/663
f 124/664 123/665 112/666
f 124/667 112/668 113/669
f 125/670 124/671 113/672
f 125/673 113/674 114/675
f 126/676 125/677 114/678
f 126/679 114/680 115/681
f 127/682 126/683 115/684
f 127/685 115/686 128/687
f 115/688 116/689 128/690
f 128/691 116/692 129/693
f 116/694 117/695 129/696
f 129/697 117/698 130/699
f 117/700 118/701 130/702
f 130/703 118/704 131/705
f 118/706 119/707 131/708
f 131/709 119/710 132/711
f 119/712 120/713 132/714
f 132/715 120/716 121/717
f 120/718 109/719 121/720
f 133/721 121/722 122/723
f 134/724 133/725 122/726
f 134/727 122/728 123/729
f 135/730 134/731 123/732
f 135/733 123/734 124/735
f 136/736 135/737 124/738
f 136/739 124/740 125/741
f 137/742 136/743 125/744
f 137/745 125/746 126/747
f 138/748 137/749 126/750
f 138/751 126/752 127/753
f 139/754 138/755 127/756
f 139/757 127/758 140/759
f 127/760 128/761 140/762
f 140/763 128/764 141/765
f 128/766 129/767 141/768
f 141/769 129/770 142/771
f 129/772 130/773 142/774
f 142/775 130/776 143/777
f 130/778 131/779 143/780
f 143/781 131/782 144/783
f 131/784 132/785 144/786
f 144/787 132/788 133/789
f 132/790 121/791 133/792
f 145/793 133/794 134/795
f 146/796 145/797 134/798
f 146/799 134/800 135/801
f 147/802 146/803 135/804
f 147/805 135/806 136/807
f 148/808 147/809 136/810
f 148/811 136/812 137/813
f 149/814 148/815 137/816
f 149/817 137/818 138/819
f 150/820 149/821 138/822
f 150/823 138/824 139/825
f 151/826 150/827 139/828
f 151/829 139/830 152/831
f 139/832 140/833 152/834
f 152/835 140/836 153/837
f 140/838 141/839 153/840
f 153/841 141/842 154/843
f 141/844 142/845 154/846
f 154/847 142/848 155/849
f 142/850 143/851 155/852
f 155/853 143/854 156/855
f 143/856 144/857 156/858
f 156/859 144/860 145/861
f 144/862 133/863 145/864
f 157/865 145/866 146/867
f 158/868 157/869 146/870
f 158/871 146/872 147/873
f 159/874 158/875 147/876
f 159/877 147/878 148/879
f 160/880 159/881 148/882
f 160/883 148/884 149/885
f 161/886 160/887 149/888
f 161/889 149/890 150/891
f 162/892 161/893 150/894
f 162/895 150/896 151/897
f 163/898 162/899 151/900
f 163/901 151/902 164/903
f 151/904 152/905 164/906
f 164/907 152/908 165/909
f 152/910 153/911 165/912
f 165/913 153/914 166/915
f 153/916 154/917 166/918
f 166/919 154/920 167/921
f 154/922 155/923 167/924
f 167/925 155/926 168/927
f 155/928 156/929 168/930
f 168/931 156/932 157/933
f 156/934 145/935 157/936
f 169/937 157/938 158/939
f 170/940 169/941 158/942
f 170/943 158/944 159/945
f 171/946 170/947 159/948
f 171/949 159/950 160/951
f 172/952 171/953 160/954
f 172/955 160/956 161/957
f 173/958 172/959 161/960
f 173/961 161/962 162/963
f 174/964 173/965 162/966
f 174/967 162/968 163/969
f 175/970 174/971 163/972
f 175/973 163/974 176/975
f 163/976 164/977 176/978
f 176/979 164/980 177/981
f 164/982 165/983 177/984
f 177/985 165/986 178/987
f 165/988 166/989 178/990
f 178/991 166/992 179/993
f 166/994 167/995 179/996
f 179/997 167/998 180/999
f 167/1000 168/1001 180/1002
f 180/1003 168/1004 169/1005
f 168/1006 157/1007 169/1008
f 181/1009 169/1010 170/1011
f 182/1012 181/1013 170/1014
f 182/1015 170/1016 171/1017
f 183/1018 182/1019 171/1020
f 183/1021 171/1022 172/1023
f 184/1024 183/1025 172/1026
f 184/1027 172/1028 173/1029
f 185/1030 184/1031 173/1032
f 185/1033 173/1034 174/1035
f 186/1036 185/1037 174/1038
f 186/1039 174/1040 175/1041
f 187/1042 186/1043 175/1044
f 187/1045 175/1046 188/1047
f 175/1048 176/1049 188/1050
f 188/1051 176/1052 189/1053
f 176/1054 177/1055 189/1056
f 189/1057 177/1058 190/1059
f 177/1060 178/1061 190/1062
f 190/1063 178/1064 191/1065
f 178/1066 179/1067 191/1068
f 191/1069 179/1070 192/1071
f 179/1072 180/1073 192/1074
f 192/1075 180/1076 181/1077
f 180/1078 169/1079 181/1080
f 193/1081 181/1082 182/1083
f 194/1084 193/1085 182/1086
f 194/1087 182/1088 183/1089
f 195/1090 194/1091 183/1092
f 195/1093 183/1094 184/1095
f 196/1096 195/1097 184/1098
f 196/1099 184/1100 185/1101
f 197/1102 196/1103 185/1104
f 197/1105 185/1106 186/1107
f 198/1108 197/1109 186/1110
f 198/1111 186/1112 187/1113
f 199/1114 198/1115 187/1116
f 199/1117 187/1118 200/1119
f 187/1120 188/1121 200/1122
f 200/1123 188/1124 201/1125
f 188/1126 189/1127 201/1128
f 201/1129 189/1130 202/1131
f 189/1132 190/1133 202/1134
f 202/1135 190/1136 203/1137
f 190/1138 191/1139 203/1140
f 203/1141 191/1142 204/1143
f 191/1144 192/1145 204/1146
f 204/1147 192/1148 193/1149
f 192/1150 181/1151 193/1152
f 205/1153 193/1154 194/1155
f 206/1156 205/1157 194/1158
f 206/1159 194/1160 195/1161
f 207/1162 206/1163 195/1164
f 207/1165 195/1166 196/1167
f 208/1168 207/1169 196/1170
f 208/1171 196/1172 197/1173
f 209/1174 208/1175 197/1176
f 209/1177 197/1178 198/1179
f 210/1180 209/1181 198/1182
f 210/1183 198/1184 199/1185
f 211/1186 210/1187 199/1188
f 211/1189 199/1190 212/1191
f 199/1192 200/1193 212/1194
f 212/1195 200/1196 213/1197
f 200/1198 201/1199 213/1200
f 213/1201 201/1202 214/1203
f 201/1204 202/1205 214/1206
f 214/1207 202/1208 215/1209
f 202/1210 203/1211 215/1212
f 215/1213 203/1214 216/1215
f 203/1216 204/1217 216/1218
f 216/1219 204/1220 205/1221
f 204/1222 193/1223 205/1224
f 229/1225 217/1226 218/1227
f 230/1228 229/1229 218/1230
f 230/1231 218/1232 219/1233
f 231/1234 230/1235 219/1236
f 231/1237 219/1238 220/1239
f 232/1240 231/1241 220/1242
f 232/1243 220/1244 221/1245
f 233/1246 232/1247 221/1248
f 233/1249 221/1250 222/1251
f 234/1252 233/1253 222/1254
f 234/1255 222/1256 223/1257
f 235/1258 234/1259 223/1260
f 235/1261 223/1262 236/1263
f 223/1264 224/1265 236/1266
f 236/1267 224/1268 237/1269
f 224/1270 225/1271 237/1272
f 237/1273 225/1274 238/1275
f 225/1276 226/1277 238/1278
f 238/1279 226/1280 239/1281
f 226/1282 227/1283 239/1284
f 239/1285 227/1286 240/1287
f 227/1288 228/1289 240/1290
f 240/1291 228/1292 229/1293
f 228/1294 217/1295 229/1296
f 241/1297 229/1298 230/1299
f 242/1300 241/1301 230/1302
f 242/1303 230/1304 231/1305
f 243/1306 242/1307 231/1308
f 243/1309 231/1310 232/1311
f 244/1312 243/1313 232/1314
f 244/1315 232/1316 233/1317
f 245/1318 244/1319 233/1320
f 245/1321 233/1322 234/1323
f 246/1324 245/1325 234/1326
f 246/1327 234/1328 235/1329
f 247/1330 246/1331 235/1332
f 247/1333 235/1334 248/1335
f 235/1336 236/1337 248/1338
f 248/1339 236/1340 249/1341
f 236/1342 237/1343 249/1344
f 249/1345 237/1346 250/1347
f 237/1348 238/1349 250/1350
f 250/1351 238/1352 251/1353
f 238/1354 239/1355 251/1356
f 251/1357 239/1358 252/1359
f 239/1360 240/1361 252/1362
f 252/1363 240/1364 241/1365
f 240/1366 229/1367 241/1368
f 253/1369 241/1370 242/1371
f 254/1372 253/1373 242/1374
f 254/1375 242/1376 243/1377
f 255/1378 254/1379 243/1380
f 255/1381 243/1382 244/1383
f 256/1384 255/1385 244/1386
f 256/1387 244/1388 245/1389
f 257/1390 256/1391 245/1392
f 257/1393 245/1394 246/1395
f 258/1396 257/1397 246/1398
f 258/1399 246/1400 247/1401
f 259/1402 258/1403 247/1404
f 259/1405 247/1406 260/1407
f 247/1408 248/1409 260/1410
f 260/1411 248/1412 261/1413
f 248/1414 249/1415 261/1416
f 261/1417 249/1418 262/1419
f 249/1420 250/1421 262/1422
f 262/1423 250/1424 263/1425
f 250/1426 251/1427 263/1428
f 263/1429 251/1430 264/1431
f 251/1432 252/1433 264/1434
f 264/1435 252/1436 253/1437
f 252/1438 241/1439 253/1440
f 265/1441 253/1442 254/1443
f 266/1444 265/1445 254/1446
f 266/1447 254/1448 255/1449
f 267/1450 266/1451 255/1452
f 267/1453 255/1454 256/1455
f 268/1456 267/1457 256/1458
f 268/1459 256/1460 257/1461
f 269/1462 268/1463 257/1464
f 269/1465 257/1466 258/1467
f 270/1468 269/1469 258/1470
f 270/1471 258/1472 259/1473
f 271/1474 270/1475 259/1476
f 271/1477 259/1478 272/1479
f 259/1480 260/1481 272/1482
f 272/1483 260/1484 273/1485
f 260/1486 261/1487 273/1488
f 273/1489 261/1490 274/1491
f 261/1492 262/1493 274/1494
f 274/1495 262/1496 275/1497
f 262/1498 263/1499 275/1500
f 275/1501 263/1502 276/1503
f 263/1504 264/1505 276/1506
f 276/1507 264/1508 265/1509
f 264/1510 253/1511 265/1512
f 277/1513 265/1514 266/1515
f 278/1516 277/1517 266/1518
f 278/1519 266/1520 267/1521
f 279/1522 278/1523 267/1524
f 279/1525 267/1526 268/1527
f 280/1528 279/1529 268/1530
f 280/1531 268/1532 269/1533
f 281/1534 280/1535 269/1536
f 281/1537 269/1538 270/1539
f 282/1540 281/1541 270/1542
f 282/1543 270/1544 271/1545
f 283/1546 282/1547 271/1548
f 283/1549 271/1550 284/1551
f 271/1552 272/1553 284/1554
f 284/1555 272/1556 285/1557
f 272/1558 273/1559 285/1560
f 285/1561 273/1562 286/1563
f 273/1564 274/1565 286/1566
f 286/1567 274/1568 287/1569
f 274/1570 275/1571 287/1572
f 287/1573 275/1574 288/1575
f 275/1576 276/1577 288/1578
f 288/1579 276/1580 277/1581
f 276/1582 265/1583 277/1584
f 289/1585 277/1586 278/1587
f 290/1588 289/1589 278/1590
f 290/1591 278/1592 279/1593
f 291/1594 290/1595 279/1596
f 291/1597 279/1598 280/1599
f 292/1600 291/1601 280/1602
f 292/1603 280/1604 281/1605
f 293/1606 292/1607 281/1608
f 293/1609 281/1610 282/1611
f 294/1612 293/1613 282/1614
f 294/1615 282/1616 283/1617
f 295/1618 294/1619 283/1620
f 295/1621 283/1622 296/1623
f 283/1624 284/1625 296/1626
f 296/1627 284/1628 297/1629
f 284/1630 285/1631 297/1632
f 297/1633 285/1634 298/1635
f 285/1636 286/1637 298/1638
f 298/1639 286/1640 299/1641
f 286/1642 287/1643 299/1644
f 299/1645 287/1646 300/1647
f 287/1648 288/1649 300/1650
f 300/1651 288/1652 289/1653
f 288/1654 277/1655 289/1656
f 301/1657 289/1658 290/1659
f 302/1660 301/1661 290/1662
f 302/1663 290/1664 291/1665
f 303/1666 302/1667 291/1668
f 303/1669 291/1670 292/1671
f 304/1672 303/1673 292/1674
f 304/1675 292/1676 293/1677
f 305/1678 304/1679 293/1680
f 305/1681 293/1682 294/1683
f 306/1684 305/1685 294/1686
f 306/1687 294/1688 295/1689
f 307/1690 306/1691 295/1692
f 307/1693 295/1694 308/1695
f 295/1696 296/1697 308/1698
f 308/1699 296/1700 309/1701
f 296/1702 297/1703 309/1704
f 309/1705 297/1706 310/1707
f 297/1708 298/1709 310/1710
f 310/1711 298/1712 311/1713
f 298/1714 299/1715 311/1716
f 311/1717 299/1718 312/1719
f 299/1720 300/1721 312/1722
f 312/1723 300/1724 301/1725
f 300/1726 289/1727 301/1728
f 313/1729 301/1730 302/1731
f 314/1732 313/1733 302/1734
f 314/1735 302/1736 303/1737
f 315/1738 314/1739 303/1740
f 315/1741 303/1742 304/1743
f 316/1744 315/1745 304/1746
f 316/1747 304/1748 305/1749
f 317/1750 316/1751 305/1752
f 317/1753 305/1754 306/1755
f 318/1756 317/1757 306/1758
f 318/1759 306/1760 307/1761
f 319/1762 318/1763 307/1764
f 319/1765 307/1766 320/1767
f 307/1768 308/1769 320/1770
f 320/1771 308/1772 321/1773
f 308/1774 309/1775 321/1776
f 321/1777 309/1778 322/1779
f 309/1780 310/1781 322/1782
f 322/1783 310/1784 323/1785
f 310/1786 311/1787 323/1788
f 323/1789 311/1790 324/1791
f 311/1792 312/1793 324/1794
f 324/1795 312/1796 313/1797
f 312/1798 301/1799 313/1800
f 325/1801 313/1802 314/1803
f 326/1804 325/1805 314/1806
f 326/1807 314/1808 315/1809
f 327/1810 326/1811 315/1812
f 327/1813 315/1814 316/1815
f 328/1816 327/1817 316/1818
f 328/1819 316/1820 317/1821
f 329/1822 328/1823 317/1824
f 329/1825 317/1826 318/1827
f 330/1828 329/1829 318/1830
f 330/1831 318/1832 319/1833
f 331/1834 330/1835 319/1836
f 331/1837 319/1838 332/1839
f 319/1840 320/1841 332/1842
f 332/1843 320/1844 333/1845
f 320/1846 321/1847 333/1848
f 333/1849 321/1850 334/1851
f 321/1852 322/1853 334/1854
f 334/1855 322/1856 335/1857
f 322/1858 323/1859 335/1860
f 335/1861 323/1862 336/1863
f 323/1864 324/1865 336/1866
f 336/1867 324/1868 325/1869
f 324/1870 313/1871 325/1872
f 337/1873 325/1874 326/1875
f 338/1876 337/1877 326/1878
f 338/1879 326/1880 327/1881
f 339/1882 338/1883 327/1884
f 339/1885 327/1886 328/1887
f 340/1888 339/1889 328/1890
f 340/1891 328/1892 329/1893
f 341/1894 340/1895 329/1896
f 341/1897 329/1898 330/1899
f 342/1900 341/1901 330/1902
f 342/1903 330/1904 331/1905
f 343/1906 342/1907 331/1908
f 343/1909 331/1910 344/1911
f 331/1912 332/1913 344/1914
f 344/1915 332/1916 345/1917
f 332/1918 333/1919 345/1920
f 345/1921 333/1922 346/1923
f 333/1924 334/1925 346/1926
f 346/1927 334/1928 347/1929
f 334/1930 335/1931 347/1932
f 347/1933 335/1934 348/1935
f 335/1936 336/1937 348/1938
f 348/1939 336/1940 337/1941
f 336/1942 325/1943 337/1944
f 349/1945 337/1946 338/1947
f 350/1948 349/1949 338/1950
f 350/1951 338/1952 339/1953
f 351/1954 350/1955 339/1956
f 351/1957 339/1958 340/1959
f 352/1960 351/1961 340/1962
f 352/1963 340/1964 341/1965
f 353/1966 352/1967 341/1968
f 353/1969 341/1970 342/1971
f 354/1972 353/1973 342/1974
f 354/1975 342/1976 343/1977
f 355/1978 354/1979 343/1980
f 355/1981 343/1982 356/1983
f 343/1984 344/1985 356/1986
f 356/1987 344/1988 357/1989
f 344/1990 345/1991 357/1992
f 357/1993 345/1994 358/1995
f 345/1996 346/1997 358/1998
f 358/1999 346/2000 359/2001
f 346/2002 347/2003 359/2004
f 359/2005 347/2006 360/2007
f 347/2008 348/2009 360/2010
f 360/2011 348/2012 349/2013
f 348/2014 337/2015 349/2016
f 361/2017 349/2018 350/2019
f 362/2020 361/2021 350/2022
f 362/2023 350/2024 351/2025
f 363/2026 362/2027 351/2028
f 363/2029 351/2030 352/2031
f 364/2032 363/2033 352/2034
f 364/2035 352/2036 353/2037
f 365/2038 364/2039 353/2040
f 365/2041 353/2042 354/2043
f 366/2044 365/2045 354/2046
f 366/2047 354/2048 355/2049
f 367/2050 366/2051 355/2052
f 367/2053 355/2054 368/2055
f 355/2056 356/2057 368/2058
f 368/2059 356/2060 369/2061
f 356/2062 357/2063 369/2064
f 369/2065 357/2066 370/2067
f 357/2068 358/2069 370/2070
f 370/2071 358/2072 371/2073
f 358/2074 359/2075 371/2076
f 371/2077 359/2078 372/2079
f 359/2080 360/2081 372/2082
f 372/2083 360/2084 361/2085
f 360/2086 349/2087 361/2088
f 373/2089 361/2090 362/2091
f 374/2092 373/2093 362/2094
f 374/2095 362/2096 363/2097
f 375/2098 374/2099 363/2100
f 375/2101 363/2102 364/2103
f 376/2104 375/2105 364/2106
f 376/2107 364/2108 365/2109
f 377/2110 376/2111 365/2112
f 377/2113 365/2114 366/2115
f 378/2116 377/2117 366/2118
f 378/2119 366/2120 367/2121
f 379/2122 378/2123 367/2124
f 379/2125 367/2126 380/2127
f 367/2128 368/2129 380/2130
f 380/2131 368/2132 381/2133
f 368/2134 369/2135 381/2136
f 381/2137 369/2138 382/2139
f 369/2140 370/2141 382/2142
f 382/2143 370/2144 383/2145
f 370/2146 371/2147 383/2148
f 383/2149 371/2150 384/2151
f 371/2152 372/2153 384/2154
f 384/2155 372/2156 373/2157
f 372/2158 361/2159 373/2160
f 385/2161 373/2162 374/2163
f 386/2164 385/2165 374/2166
f 386/2167 374/2168 375/2169
f 387/2170 386/2171 375/2172
f 387/2173 375/2174 376/2175
f 388/2176 387/2177 376/2178
f 388/2179 376/2180 377/2181
f 389/2182 388/2183 377/2184
f 389/2185 377/2186 378/2187
f 390/2188 389/2189 378/2190
f 390/2191 378/2192 379/2193
f 391/2194 390/2195 379/2196
f 391/2197 379/2198 392/2199
f 379/2200 380/2201 392/2202
f 392/2203 380/2204 393/2205
f 380/2206 381/2207 393/2208
f 393/2209 381/2210 394/2211
f 381/2212 382/2213 394/2214
f 394/2215 382/2216 395/2217
f 382/2218 383/2219 395/2220
f 395/2221 383/2222 396/2223
f 383/2224 384/2225 396/2226
f 396/2227 384/2228 385/2229
f 384/2230 373/2231 385/2232
f 397/2233 385/2234 386/2235
f 398/2236 397/2237 386/2238
f 398/2239 386/2240 387/2241
f 399/2242 398/2243 387/2244
f 399/2245 387/2246 388/2247
f 400/2248 399/2249 388/2250
f 400/2251 388/2252 389/2253
f 401/2254 400/2255 389/2256
f 401/2257 389/2258 390/2259
f 402/2260 401/2261 390/2262
f 402/2263 390/2264 391/2265
f 403/2266 402/2267 391/2268
f 403/2269 391/2270 404/2271
f 391/2272 392/2273 404/2274
f 404/2275 392/2276 405/2277
f 392/2278 393/2279 405/2280
f 405/2281 393/2282 406/2283
f 393/2284 394/2285 406/2286
f 406/2287 394/2288 407/2289
f 394/2290 395/2291 407/2292
f 407/2293 395/2294 408/2295
f 395/2296 396/2297 408/2298
f 408/2299 396/2300 397/2301
f 396/2302 385/2303 397/2304
f 409/2305 397/2306 398/2307
f 410/2308 409/2309 398/2310
f 410/2311 398/2312 399/2313
f 411/2314 410/2315 399/2316
f 411/2317 399/2318 400/2319
f 412/2320 411/2321 400/2322
f 412/2323 400/2324 401/2325
f 413/2326 412/2327 401/2328
f 413/2329 401/2330 402/2331
f 414/2332 413/2333 402/2334
f 414/2335 402/2336 403/2337
f 415/2338 414/2339 403/2340
f 415/2341 403/2342 416/2343
f 403/2344 404/2345 416/2346
f 416/2347 404/2348 417/2349
f 404/2350 405/2351 417/2352
f 417/2353 405/2354 418/2355
f 405/2356 406/2357 418/2358
f 418/2359 406/2360 419/2361
f 406/2362 407/2363 419/2364
f 419/2365 407/2366 420/2367
f 407/2368 408/2369 420/2370
f 420/2371 408/2372 409/2373
f 408/2374 397/2375 409/2376
f 421/2377 409/2378 410/2379
f 422/2380 421/2381 410/2382
f 422/2383 410/2384 411/2385
f 423/2386 422/2387 411/2388
f 423/2389 411/2390 412/2391
f 424/2392 423/2393 412/2394
f 424/2395 412/2396 413/2397
f 425/2398 424/2399 413/2400
f 425/2401 413/2402 414/2403
f 426/2404 425/2405 414/2406
f 426/2407 414/2408 415/2409
f 427/2410 426/2411 415/2412
f 427/2413 415/2414 428/2415
f 415/2416 416/2417 428/2418
f 428/2419 416/2420 429/2421
f 416/2422 417/2423 429/2424
f 429/2425 417/2426 430/2427
f 417/2428 418/2429 430/2430
f 430/2431 418/2432 431/2433
f 418/2434 419/2435 431/2436
f 431/2437 419/2438 432/2439
f 419/2440 420/2441 432/2442
f 432/2443 420/2444 421/2445
f 420/2446 409/2447 421/2448
f 437/2449 433/2450 434/2451
f 438/2452 437/2453 434/2454
f 438/2455 434/2456 435/2457
f 439/2458 438/2459 435/2460
f 439/2461 435/2462 440/2463
f 435/2464 436/2465 440/2466
f 440/2467 436/2468 437/2469
f 436/2470 433/2471 437/2472
f 441/2473 437/2474 438/2475
f 442/2476 441/2477 438/2478
f 442/2479 438/2480 439/2481
f 443/2482 442/2483 439/2484
f 443/2485 439/2486 444/2487
f 439/2488 440/2489 444/2490
f 444/2491 440/2492 441/2493
f 440/2494 437/2495 441/2496
f 445/2497 441/2498 442/2499
f 446/2500 445/2501 442/2502
f 446/2503 442/2504 443/2505
f 447/2506 446/2507 443/2508
f 447/2509 443/2510 448/2511
f 443/2512 444/2513 448/2514
f 448/2515 444/2516 445/2517
f 444/2518 441/2519 445/2520
f 449/2521 445/2522 446/2523
f 450/2524 449/2525 446/2526
f 450/2527 446/2528 447/2529
f 451/2530 450/2531 447/2532
f 451/2533 447/2534 452/2535
f 447/2536 448/2537 452/2538
f 452/2539 448/2540 449/2541
f 448/2542 445/2543 449/2544
f 457/2545 453/2546 454/2547
f 458/2548 457/2549 454/2550
f 458/2551 454/2552 455/2553
f 459/2554 458/2555 455/2556
f 459/2557 455/2558 460/2559
f 455/2560 456/2561 460/2562
f 460/2563 456/2564 457/2565
f 456/2566 453/2567 457/2568
f 461/2569 457/2570 458/2571
f 462/2572 461/2573 458/2574
f 462/2575 458/2576 459/2577
f 463/2578 462/2579 459/2580
f 463/2581 459/2582 464/2583
f 459/2584 460/2585 464/2586
f 464/2587 460/2588 461/2589
f 460/2590 457/2591 461/2592
f 465/2593 461/2594 462/2595
f 466/2596 465/2597 462/2598
f 466/2599 462/2600 463/2601
f 467/2602 466/2603 463/2604
f 467/2605 463/2606 468/2607
f 463/2608 464/2609 468/2610
f 468/2611 464/2612 465/2613
f 464/2614 461/2615 465/2616
f 469/2617 465/2618 466/2619
f 470/2620 469/2621 466/2622
f 470/2623 466/2624 467/2625
f 471/2626 470/2627 467/2628
f 471/2629 467/2630 472/2631
f 467/2632 468/2633 472/2634
f 472/2635 468/2636 469/2637
f 468/2638 465/2639 469/2640
f 477/2641 473/2642 474/2643
f 478/2644 477/2645 474/2646
f 478/2647 474/2648 475/2649
f 479/2650 478/2651 475/2652
f 479/2653 475/2654 480/2655
f 475/2656 476/2657 480/2658
f 480/2659 476/2660 477/2661
f 476/2662 473/2663 477/2664
f 481/2665 477/2666 478/2667
f 482/2668 481/2669 478/2670
f 482/2671 478/2672 479/2673
f 483/2674 482/2675 479/2676
f 483/2677 479/2678 484/2679
f 479/2680 480/2681 484/2682
f 484/2683 480/2684 481/2685
f 480/2686 477/2687 481/2688
f 485/2689 481/2690 482/2691
f 486/2692 485/2693 482/2694
f 486/2695 482/2696 483/2697
f 487/2698 486/2699 483/2700
f 487/2701 483/2702 488/2703
f 483/2704 484/2705 488/2706
f 488/2707 484/2708 485/2709
f 484/2710 481/2711 485/2712
f 489/2713 485/2714 486/2715
f 490/2716 489/2717 486/2718
f 490/2719 486/2720 487/2721
f 491/2722 490/2723 487/2724
f 491/2725 487/2726 492/2727
f 487/2728 488/2729 492/2730
f 492/2731 488/2732 489/2733
f 488/2734 485/2735 489/2736
f 493/2737 489/2738 490/2739
f 494/2740 493/2741 490/2742
f 494/2743 490/2744 491/2745
f 495/2746 494/2747 491/2748
f 495/2749 491/2750 496/2751
f 491/2752 492/2753 496/2754
f 496/2755 492/2756 493/2757
f 492/2758 489/2759 493/2760
f 497/2761 493/2762 494/2763
f 498/2764 497/2765 494/2766
f 498/2767 494/2768 495/2769
f 499/2770 498/2771 495/2772
f 499/2773 495/2774 500/2775
f 495/2776 496/2777 500/2778
f 500/2779 496/2780 497/2781
f 496/2782 493/2783 497/2784
f 501/2785 497/2786 498/2787
f 502/2788 501/2789 498/2790
f 502/2791 498/2792 499/2793
f 503/2794 502/2795 499/2796
f 503/2797 499/2798 504/2799
f 499/2800 500/2801 504/2802
f 504/2803 500/2804 501/2805
f 500/2806 497/2807 501/2808
f 505/2809 501/2810 502/2811
f 506/2812 505/2813 502/2814
f 506/2815 502/2816 503/2817
f 507/2818 506/2819 503/2820
f 507/2821 503/2822 508/2823
f 503/2824 504/2825 508/2826
f 508/2827 504/2828 505/2829
f 504/2830 501/2831 505/2832
f 509/2833 505/2834 506/2835
f 510/2836 509/2837 506/2838
f 510/2839 506/2840 507/2841
f 511/2842 510/2843 507/2844
f 511/2845 507/2846 512/2847
f 507/2848 508/2849 512/2850
f 512/2851 508/2852 509/2853
f 508/2854 505/2855 509/2856
f 517/2857 513/2858 514/2859
f 518/2860 517/2861 514/2862
f 518/2863 514/2864 515/2865
f 519/2866 518/2867 515/2868
f 519/2869 515/2870 520/2871
f 515/2872 516/2873 520/2874
f 520/2875 516/2876 517/2877
f 516/2878 513/2879 517/2880
f 521/2881 517/2882 518/2883
f 522/2884 521/2885 518/2886
f 522/2887 518/2888 519/2889
f 523/2890 522/2891 519/2892
f 523/2893 519/2894 524/2895
f 519/2896 520/2897 524/2898
f 524/2899 520/2900 521/2901
f 520/2902 517/2903 521/2904
f 525/2905 521/2906 522/2907
f 526/2908 525/2909 522/2910
f 526/2911 522/2912 523/2913
f 527/2914 526/2915 523/2916
f 527/2917 523/2918 528/2919
f 523/2920 524/2921 528/2922
f 528/2923 524/2924 525/2925
f 524/2926 521/2927 525/2928
f 529/2929 525/2930 526/2931
f 530/2932 529/2933 526/2934
f 530/2935 526/2936 527/2937
f 531/2938 530/2939 527/2940
f 531/2941 527/2942 532/2943
f 527/2944 528/2945 532/2946
f 532/2947 528/2948 529/2949
f 528/2950 525/2951 529/2952
f 533/2953 529/2954 530/2955
f 534/2956 533/2957 530/2958
f 534/2959 530/2960 531/2961
f 535/2962 534/2963 531/2964
f 535/2965 531/2966 536/2967
f 531/2968 532/2969 536/2970
f 536/2971 532/2972 533/2973
f 532/2974 529/2975 533/2976
f 537/2977 533/2978 534/2979
f 538/2980 537/2981 534/2982
f 538/2983 534/2984 535/2985
f 539/2986 538/2987 535/2988
f 539/2989 535/2990 540/2991
f 535/2992 536/2993 540/2994
f 540/2995 536/2996 537/2997
f 536/2998 533/2999 537/3000
f 541/3001 537/3002 538/3003
f 542/3004 541/3005 538/3006
f 542/3007 538/3008 539/3009
f 543/3010 542/3011 539/3012
f 543/3013 539/3014 544/3015
f 539/3016 540/3017 544/3018
f 544/3019 540/3020 541/3021
f 540/3022 537/3023 541/3024
f 545/3025 541/3026 542/3027
f 546/3028 545/3029 542/3030
f 546/3031 542/3032 543/3033
f 547/3034 546/3035 543/3036
f 547/3037 543/3038 548/3039
f 543/3040 544/3041 548/3042
f 548/3043 544/3044 545/3045
f 544/3046 541/3047 545/3048
f 549/3049 545/3050 546/3051
f 550/3052 549/3053 546/3054
f 550/3055 546/3056 547/3057
f 551/3058 550/3059 547/3060
f 551/3061 547/3062 552/3063
f 547/3064 548/3065 552/3066
f 552/3067 548/3068 549/3069
f 548/3070 545/3071 549/3072
f 557/3073 553/3074 554/3075
f 558/3076 557/3077 554/3078
f 558/3079 554/3080 555/3081
f 559/3082 558/3083 555/3084
f 559/3085 555/3086 560/3087
f 555/3088 556/3089 560/3090
f 560/3091 556/3092 557/3093
f 556/3094 553/3095 557/3096
f 561/3097 557/3098 558/3099
f 562/3100 561/3101 558/3102
f 562/3103 558/3104 559/3105
f 563/3106 562/3107 559/3108
f 563/3109 559/3110 564/3111
f 559/3112 560/3113 564/3114
f 564/3115 560/3116 561/3117
f 560/3118 557/3119 561/3120
f 565/3121 561/3122 562/3123
f 566/3124 565/3125 562/3126
f 566/3127 562/3128 563/3129
f 567/3130 566/3131 563/3132
f 567/3133 563/3134 568/3135
f 563/3136 564/3137 568/3138
f 568/3139 564/3140 565/3141
f 564/3142 561/3143 565/3144
f 573/3145 569/3146 570/3147
f 574/3148 573/3149 570/3150
f 574/3151 570/3152 571/3153
f 575/3154 574/3155 571/3156
f 575/3157 571/3158 576/3159
f 571/3160 572/3161 576/3162
f 576/3163 572/3164 573/3165
f 572/3166 569/3167 573/3168
f 577/3169 573/3170 574/3171
f 578/3172 577/3173 574/3174
f 578/3175 574/3176 575/3177
f 579/3178 578/3179 575/3180
f 579/3181 575/3182 580/3183
f 575/3184 576/3185 580/3186
f 580/3187 576/3188 577/3189
f 576/3190 573/3191 577/3192
f 581/3193 577/3194 578/3195
f 582/3196 581/3197 578/3198
f 582/3199 578/3200 579/3201
f 583/3202 582/3203 579/3204
f 583/3205 579/3206 584/3207
f 579/3208 580/3209 584/3210
f 584/3211 580/3212 581/3213
f 580/3214 577/3215 581/3216
f 589/3217 585/3218 586/3219
f 590/3220 589/3221 586/3222
f 590/3223 586/3224 587/3225
f 591/3226 590/3227 587/3228
f 591/3229 587/3230 592/3231
f 587/3232 588/3233 592/3234
f 592/3235 588/3236 589/3237
f 588/3238 585/3239 589/3240
f 593/3241 589/3242 590/3243
f 594/3244 593/3245 590/3246
f 594/3247 590/3248 591/3249
f 595/3250 594/3251 591/3252
f 595/3253 591/3254 596/3255
f 591/3256 592/3257 596/3258
f 596/3259 592/3260 593/3261
f 592/3262 589/3263 593/3264
f 597/3265 593/3266 594/3267
f 598/3268 597/3269 594/3270
f 598/3271 594/3272 595/3273
f 599/3274 598/3275 595/3276
f 599/3277 595/3278 600/3279
f 595/3280 596/3281 600/3282
f 600/3283 596/3284 597/3285
f 596/3286 593/3287 597/3288
f 605/3289 601/3290 602/3291
f 606/3292 605/3293 602/3294
f 606/3295 602/3296 603/3297
f 607/3298 606/3299 603/3300
f 607/3301 603/3302 608/3303
f 603/3304 604/3305 608/3306
f 608/3307 604/3308 605/3309
f 604/3310 601/3311 605/3312
f 609/3313 605/3314 606/3315
f 610/3316 609/3317 606/3318
f 610/3319 606/3320 607/3321
f 611/3322 610/3323 607/3324
f 611/3325 607/3326 612/3327
f 607/3328 608/3329 612/3330
f 612/3331 608/3332 609/3333
f 608/3334 605/3335 609/3336
f 613/3337 609/3338 610/3339
f 614/3340 613/3341 610/3342
f 614/3343 610/3344 611/3345
f 615/3346 614/3347 611/3348
f 615/3349 611/3350 616/3351
f 611/3352 612/3353 616/3354
f 616/3355 612/3356 613/3357
f 612/3358 609/3359 613/3360
f 621/3361 617/3362 618/3363
f 622/3364 621/3365 618/3366
f 622/3367 618/3368 619/3369
f 623/3370 622/3371 619/3372
f 623/3373 619/3374 624/3375
f 619/3376 620/3377 624/3378
f 624/3379 620/3380 621/3381
f 620/3382 617/3383 621/3384
f 625/3385 621/3386 622/3387
f 626/3388 625/3389 622/3390
f 626/3391 622/3392 623/3393
f 627/3394 626/3395 623/3396
f 627/3397 623/3398 628/3399
f 623/3400 624/3401 628/3402
f 628/3403 624/3404 625/3405
f 624/3406 621/3407 625/3408
f 629/3409 625/3410 626/3411
f 630/3412 629/3413 626/3414
f 630/3415 626/3416 627/3417
f 631/3418 630/3419 627/3420
f 631/3421 627/3422 632/3423
f 627/3424 628/3425 632/3426
f 632/3427 628/3428 629/3429
f 628/3430 625/3431 629/3432
f 637/3433 633/3434 634/3435
f 638/3436 637/3437 634/3438
f 638/3439 634/3440 635/3441
f 639/3442 638/3443 635/3444
f 639/3445 635/3446 640/3447
f 635/3448 636/3449 640/3450
f 640/3451 636/3452 637/3453
f 636/3454 633/3455 637/3456
f 641/3457 637/3458 638/3459
f 642/3460 641/3461 638/3462
f 642/3463 638/3464 639/3465
f 643/3466 642/3467 639/3468
f 643/3469 639/3470 644/3471
f 639/3472 640/3473 644/3474
f 644/3475 640/3476 641/3477
f 640/3478 637/3479 641/3480
f 645/3481 641/3482 642/3483
f 646/3484 645/3485 642/3486
f 646/3487 642/3488 643/3489
f 647/3490 646/3491 643/3492
f 647/3493 643/3494 648/3495
f 643/3496 644/3497 648/3498
f 648/3499 644/3500 645/3501
f 644/3502 641/3503 645/3504
f 649/3505 645/3506 646/3507
f 650/3508 649/3509 646/3510
f 650/3511 646/3512 647/3513
f 651/3514 650/3515 647/3516
f 651/3517 647/3518 652/3519
f 647/3520 648/3521 652/3522
f 652/3523 648/3524 649/3525
f 648/3526 645/3527 649/3528
f 653/3529 649/3530 650/3531
f 654/3532 653/3533 650/3534
f 654/3535 650/3536 651/3537
f 655/3538 654/3539 651/3540
f 655/3541 651/3542 656/3543
f 651/3544 652/3545 656/3546
f 656/3547 652/3548 653/3549
f 652/3550 649/3551 653/3552
f 657/3553 653/3554 654/3555
f 658/3556 657/3557 654/3558
f 658/3559 654/3560 655/3561
f 659/3562 658/3563 655/3564
f 659/3565 655/3566 660/3567
f 655/3568 656/3569 660/3570
f 660/3571 656/3572 657/3573
f 656/3574 653/3575 657/3576
f 661/3577 657/3578 658/3579
f 662/3580 661/3581 658/3582
f 662/3583 658/3584 659/3585
f 663/3586 662/3587 659/3588
f 663/3589 659/3590 664/3591
f 659/3592 660/3593 664/3594
f 664/3595 660/3596 661/3597
f 660/3598 657/3599 661/3600
f 665/3601 661/3602 662/3603
f 666/3604 665/3605 662/3606
f 666/3607 662/3608 663/3609
f 667/3610 666/3611 663/3612
f 667/3613 663/3614 668/3615
f 663/3616 664/3617 668/3618
f 668/3619 664/3620 665/3621
f 664/3622 661/3623 665/3624
f 669/3625 665/3626 666/3627
f 670/3628 669/3629 666/3630
f 670/3631 666/3632 667/3633
f 671/3634 670/3635 667/3636
f 671/3637 667/3638 672/3639
f 667/3640 668/3641 672/3642
f 672/3643 668/3644 669/3645
f 668/3646 665/3647 669/3648
f 677/3649 673/3650 674/3651
f 678/3652 677/3653 674/3654
f 678/3655 674/3656 675/3657
f 679/3658 678/3659 675/3660
f 679/3661 675/3662 680/3663
f 675/3664 676/3665 680/3666
f 680/3667 676/3668 677/3669
f 676/3670 673/3671 677/3672
f 681/3673 677/3674 678/3675
f 682/3676 681/3677 678/3678
f 682/3679 678/3680 679/3681
f 683/3682 682/3683 679/3684
f 683/3685 679/3686 684/3687
f 679/3688 680/3689 684/3690
f 684/3691 680/3692 681/3693
f 680/3694 677/3695 681/3696
f 685/3697 681/3698 682/3699
f 686/3700 685/3701 682/3702
f 686/3703 682/3704 683/3705
f 687/3706 686/3707 683/3708
f 687/3709 683/3710 688/3711
f 683/3712 684/3713 688/3714
f 688/3715 684/3716 685/3717
f 684/3718 681/3719 685/3720
f 689/3721 685/3722 686/3723
f 690/3724 689/3725 686/3726
f 690/3727 686/3728 687/3729
f 691/3730 690/3731 687/3732
f 691/3733 687/3734 692/3735
f 687/3736 688/3737 692/3738
f 692/3739 688/3740 689/3741
f 688/3742 685/3743 689/3744
f 693/3745 689/3746 690/3747
f 694/3748 693/3749 690/3750
f 694/3751 690/3752 691/3753
f 695/3754 694/3755 691/3756
f 695/3757 691/3758 696/3759
f 691/3760 692/3761 696/3762
f 696/3763 692/3764 693/3765
f 692/3766 689/3767 693/3768
f 697/3769 693/3770 694/3771
f 698/3772 697/3773 694/3774
f 698/3775 694/3776 695/3777
f 699/3778 698/3779 695/3780
f 699/3781 695/3782 700/3783
f 695/3784 696/3785 700/3786
f 700/3787 696/3788 697/3789
f 696/3790 693/3791 697/3792
f 701/3793 697/3794 698/3795
f 702/3796 701/3797 698/3798
f 702/3799 698/3800 699/3801
f 703/3802 702/3803 699/3804
f 703/3805 699/3806 704/3807
f 699/3808 700/3809 704/3810
f 704/3811 700/3812 701/3813
f 700/3814 697/3815 701/3816
f 705/3817 701/3818 702/3819
f 706/3820 705/3821 702/3822
f 706/3823 702/3824 703/3825
f 707/3826 706/3827 703/3828
f 707/3829 703/3830 708/3831
f 703/3832 704/3833 708/3834
f 708/3835 704/3836 705/3837
f 704/3838 701/3839 705/3840
f 709/3841 705/3842 706/3843
f 710/3844 709/3845 706/3846
f 710/3847 706/3848 707/3849
f 711/3850 710/3851 707/3852
f 711/3853 707/3854 712/3855
f 707/3856 708/3857 712/3858
f 712/3859 708/3860 709/3861
f 708/3862 705/3863 709/3864
f 718/3865 713/3866 714/3867
f 719/3868 718/3869 714/3870
f 719/3871 714/3872 715/3873
f 720/3874 719/3875 715/3876
f 720/3877 715/3878 716/3879
f 721/3880 720/3881 716/3882
f 721/3883 716/3884 722/3885
f 716/3886 717/3887 722/3888
f 722/3889 717/3890 718/3891
f 717/3892 713/3893 718/3894
f 723/3895 718/3896 719/3897
f 724/3898 723/3899 719/3900
f 724/3901 719/3902 720/3903
f 725/3904 724/3905 720/3906
f 725/3907 720/3908 721/3909
f 726/3910 725/3911 721/3912
f 726/3913 721/3914 727/3915
f 721/3916 722/3917 727/3918
f 727/3919 722/3920 723/3921
f 722/3922 718/3923 723/3924
f 728/3925 723/3926 724/3927
f 729/3928 728/3929 724/3930
f 729/3931 724/3932 725/3933
f 730/3934 729/3935 725/3936
f 730/3937 725/3938 726/3939
f 731/3940 730/3941 726/3942
f 731/3943 726/3944 732/3945
f 726/3946 727/3947 732/3948
f 732/3949 727/3950 728/3951
f 727/3952 723/3953 728/3954
f 738/3955 733/3956 734/3957
f 739/3958 738/3959 734/3960
f 739/3961 734/3962 735/3963
f 740/3964 739/3965 735/3966
f 740/3967 735/3968 736/3969
f 741/3970 740/3971 736/3972
f 741/3973 736/3974 742/3975
f 736/3976 737/3977 742/3978
f 742/3979 737/3980 738/3981
f 737/3982 733/3983 738/3984
f 743/3985 738/3986 739/3987
f 744/3988 743/3989 739/3990
f 744/3991 739/3992 740/3993
f 745/3994 744/3995 740/3996
f 745/3997 740/3998 741/3999
f 746/4000 745/4001 741/4002
f 746/4003 741/4004 747/4005
f 741/4006 742/4007 747/4008
f 747/4009 742/4010 743/4011
f 742/4012 738/4013 743/4014
f 748/4015 743/4016 744/4017
f 749/4018 748/4019 744/4020
f 749/4021 744/4022 745/4023
f 750/4024 749/4025 745/4026
f 750/4027 745/4028 746/4029
f 751/4030 750/4031 746/4032
f 751/4033 746/4034 752/4035
f 746/4036 747/4037 752/4038
f 752/4039 747/4040 748/4041
f 747/4042 743/4043 748/4044
f 758/4045 753/4046 754/4047
f 759/4048 758/4049 754/4050
f 759/4051 754/4052 755/4053
f 760/4054 759/4055 755/4056
f 760/4057 755/4058 756/4059
f 761/4060 760/4061 756/4062
f 761/4063 756/4064 762/4065
f 756/4066 757/4067 762/4068
f 762/4069 757/4070 758/4071
f 757/4072 753/4073 758/4074
f 763/4075 758/4076 759/4077
f 764/4078 763/4079 759/4080
f 764/4081 759/4082 760/4083
f 765/4084 764/4085 760/4086
f 765/4087 760/4088 761/4089
f 766/4090 765/4091 761/4092
f 766/4093 761/4094 767/4095
f 761/4096 762/4097 767/4098
f 767/4099 762/4100 763/4101
f 762/4102 758/4103 763/4104
f 768/4105 763/4106 764/4107
f 769/4108 768/4109 764/4110
f 769/4111 764/4112 765/4113
f 770/4114 769/4115 765/4116
f 770/4117 765/4118 766/4119
f 771/4120 770/4121 766/4122
f 771/4123 766/4124 772/4125
f 766/4126 767/4127 772/4128
f 772/4129 767/4130 768/4131
f 767/4132 763/4133 768/4134
f 778/4135 773/4136 774/4137
f 779/4138 778/4139 774/4140
f 779/4141 774/4142 775/4143
f 780/4144 779/4145 775/4146
f 780/4147 775/4148 776/4149
f 781/4150 780/4151 776/4152
f 781/4153 776/4154 782/4155
f 776/4156 777/4157 782/4158
f 782/4159 777/4160 778/4161
f 777/4162 773/4163 778/4164
f 783/4165 778/4166 779/4167
f 784/4168 783/4169 779/4170
f 784/4171 779/4172 780/4173
f 785/4174 784/4175 780/4176
f 785/4177 780/4178 781/4179
f 786/4180 785/4181 781/4182
f 786/4183 781/4184 787/4185
f 781/4186 782/4187 787/4188
f 787/4189 782/4190 783/4191
f 782/4192 778/4193 783/4194
f 788/4195 783/4196 784/4197
f 789/4198 788/4199 784/4200
f 789/4201 784/4202 785/4203
f 790/4204 789/4205 785/4206
f 790/4207 785/4208 786/4209
f 791/4210 790/4211 786/4212
f 791/4213 786/4214 792/4215
f 786/4216 787/4217 792/4218
f 792/4219 787/4220 788/4221
f 787/4222 783/4223 788/4224
f 805/4225 793/4226 794/4227
f 806/4228 805/4229 794/4230
f 806/4231 794/4232 795/4233
f 807/4234 806/4235 795/4236
f 807/4237 795/4238 796/4239
f 808/4240 807/4241 796/4242
f 808/4243 796/4244 797/4245
f 809/4246 808/4247 797/4248
f 809/4249 797/4250 798/4251
f 810/4252 809/4253 798/4254
f 810/4255 798/4256 799/4257
f 811/4258 810/4259 799/4260
f 811/4261 799/4262 812/4263
f 799/4264 800/4265 812/4266
f 812/4267 800/4268 813/4269
f 800/4270 801/4271 813/4272
f 813/4273 801/4274 814/4275
f 801/4276 802/4277 814/4278
f 814/4279 802/4280 815/4281
f 802/4282 803/4283 815/4284
f 815/4285 803/4286 816/4287
f 803/4288 804/4289 816/4290
f 816/4291 804/4292 805/4293
f 804/4294 793/4295 805/4296
f 817/4297 805/4298 806/4299
f 818/4300 817/4301 806/4302
f 818/4303 806/4304 807/4305
f 819/4306 818/4307 807/4308
f 819/4309 807/4310 808/4311
f 820/4312 819/4313 808/4314
f 820/4315 808/4316 809/4317
f 821/4318 820/4319 809/4320
f 821/4321 809/4322 810/4323
f 822/4324 821/4325 810/4326
f 822/4327 810/4328 811/4329
f 823/4330 822/4331 811/4332
f 823/4333 811/4334 824/4335
f 811/4336 812/4337 824/4338
f 824/4339 812/4340 825/4341
f 812/4342 813/4343 825/4344
f 825/4345 813/4346 826/4347
f 813/4348 814/4349 826/4350
f 826/4351 814/4352 827/4353
f 814/4354 815/4355 827/4356
f 827/4357 815/4358 828/4359
f 815/4360 816/4361 828/4362
f 828/4363 816/4364 817/4365
f 816/4366 805/4367 817/4368
f 829/4369 817/4370 818/4371
f 830/4372 829/4373 818/4374
f 830/4375 818/4376 819/4377
f 831/4378 830/4379 819/4380
f 831/4381 819/4382 820/4383
f 832/4384 831/4385 820/4386
f 832/4387 820/4388 821/4389
f 833/4390 832/4391 821/4392
f 833/4393 821/4394 822/4395
f 834/4396 833/4397 822/4398
f 834/4399 822/4400 823/4401
f 835/4402 834/4403 823/4404
f 835/4405 823/4406 836/4407
f 823/4408 824/4409 836/4410
f 836/4411 824/4412 837/4413
f 824/4414 825/4415 837/4416
f 837/4417 825/4418 838/4419
f 825/4420 826/4421 838/4422
f 838/4423 826/4424 839/4425
f 826/4426 827/4427 839/4428
f 839/4429 827/4430 840/4431
f 827/4432 828/4433 840/4434
f 840/4435 828/4436 829/4437
f 828/4438 817/4439 829/4440
f 841/4441 829/4442 830/4443
f 842/4444 841/4445 830/4446
f 842/4447 830/4448 831/4449
f 843/4450 842/4451 831/4452
f 843/4453 831/4454 832/4455
f 844/4456 843/4457 832/4458
f 844/4459 832/4460 833/4461
f 845/4462 844/4463 833/4464
f 845/4465 833/4466 834/4467
f 846/4468 845/4469 834/4470
f 846/4471 834/4472 835/4473
f 847/4474 846/4475 835/4476
f 847/4477 835/4478 848/4479
f 835/4480 836/4481 848/4482
f 848/4483 836/4484 849/4485
f 836/4486 837/4487 849/4488
f 849/4489 837/4490 850/4491
f 837/4492 838/4493 850/4494
f 850/4495 838/4496 851/4497
f 838/4498 839/4499 851/4500
f 851/4501 839/4502 852/4503
f 839/4504 840/4505 852/4506
f 852/4507 840/4508 841/4509
f 840/4510 829/4511 841/4512
f 853/4513 841/4514 842/4515
f 854/4516 853/4517 842/4518
f 854/4519 842/4520 843/4521
f 855/4522 854/4523 843/4524
f 855/4525 843/4526 844/4527
f 856/4528 855/4529 844/4530
f 856/4531 844/4532 845/4533
f 857/4534 856/4535 845/4536
f 857/4537 845/4538 846/4539
f 858/4540 857/4541 846/4542
f 858/4543 846/4544 847/4545
f 859/4546 858/4547 847/4548
f 859/4549 847/4550 860/4551
f 847/4552 848/4553 860/4554
f 860/4555 848/4556 861/4557
f 848/4558 849/4559 861/4560
f 861/4561 849/4562 862/4563
f 849/4564 850/4565 862/4566
f 862/4567 850/4568 863/4569
f 850/4570 851/4571 863/4572
f 863/4573 851/4574 864/4575
f 851/4576 852/4577 864/4578
f 864/4579 852/4580 853/4581
f 852/4582 841/4583 853/4584
f 865/4585 853/4586 854/4587
f 866/4588 865/4589 854/4590
f 866/4591 854/4592 855/4593
f 867/4594 866/4595 855/4596
f 867/4597 855/4598 856/4599
f 868/4600 867/4601 856/4602
f 868/4603 856/4604 857/4605
f 869/4606 868/4607 857/4608
f 869/4609 857/4610 858/4611
f 870/4612 869/4613 858/4614
f 870/4615 858/4616 859/4617
f 871/4618 870/4619 859/4620
f 871/4621 859/4622 872/4623
f 859/4624 860/4625 872/4626
f 872/4627 860/4628 873/4629
f 860/4630 861/4631 873/4632
f 873/4633 861/4634 874/4635
f 861/4636 862/4637 874/4638
f 874/4639 862/4640 875/4641
f 862/4642 863/4643 875/4644
f 875/4645 863/4646 876/4647
f 863/4648 864/4649 876/4650
f 876/4651 864/4652 865/4653
f 864/4654 853/4655 865/4656
f 877/4657 865/4658 866/4659
f 878/4660 877/4661 866/4662
f 878/4663 866/4664 867/4665
f 879/4666 878/4667 867/4668
f 879/4669 867/4670 868/4671
f 880/4672 879/4673 868/4674
f 880/4675 868/4676 869/4677
f 881/4678 880/4679 869/4680
f 881/4681 869/4682 870/4683
f 882/4684 881/4685 870/4686
f 882/4687 870/4688 871/4689
f 883/4690 882/4691 871/4692
f 883/4693 871/4694 884/4695
f 871/4696 872/4697 884/4698
f 884/4699 872/4700 885/4701
f 872/4702 873/4703 885/4704
f 885/4705 873/4706 886/4707
f 873/4708 874/4709 886/4710
f 886/4711 874/4712 887/4713
f 874/4714 875/4715 887/4716
f 887/4717 875/4718 888/4719
f 875/4720 876/4721 888/4722
f 888/4723 876/4724 877/4725
f 876/4726 865/4727 877/4728
f 889/4729 877/4730 878/4731
f 890/4732 889/4733 878/4734
f 890/4735 878/4736 879/4737
f 891/4738 890/4739 879/4740
f 891/4741 879/4742 880/4743
f 892/4744 891/4745 880/4746
f 892/4747 880/4748 881/4749
f 893/4750 892/4751 881/4752
f 893/4753 881/4754 882/4755
f 894/4756 893/4757 882/4758
f 894/4759 882/4760 883/4761
f 895/4762 894/4763 883/4764
f 895/4765 883/4766 896/4767
f 883/4768 884/4769 896/4770
f 896/4771 884/4772 897/4773
f 884/4774 885/4775 897/4776
f 897/4777 885/4778 898/4779
f 885/4780 886/4781 898/4782
f 898/4783 886/4784 899/4785
f 886/4786 887/4787 899/4788
f 899/4789 887/4790 900/4791
f 887/4792 888/4793 900/4794
f 900/4795 888/4796 889/4797
f 888/4798 877/4799 889/4800
f 901/4801 889/4802 890/4803
f 902/4804 901/4805 890/4806
f 902/4807 890/4808 891/4809
f 903/4810 902/4811 891/4812
f 903/4813 891/4814 892/4815
f 904/4816 903/4817 892/4818
f 904/4819 892/4820 893/4821
f 905/4822 904/4823 893/4824
f 905/4825 893/4826 894/4827
f 906/4828 905/4829 894/4830
f 906/4831 894/4832 895/4833
f 907/4834 906/4835 895/4836
f 907/4837 895/4838 908/4839
f 895/4840 896/4841 908/4842
f 908/4843 896/4844 909/4845
f 896/4846 897/4847 909/4848
f 909/4849 897/4850 910/4851
f 897/4852 898/4853 910/4854
f 910/4855 898/4856 911/4857
f 898/4858 899/4859 911/4860
f 911/4861 899/4862 912/4863
f 899/4864 900/4865 912/4866
f 912/4867 900/4868 901/4869
f 900/4870 889/4871 901/4872
f 913/4873 901/4874 902/4875
f 914/4876 913/4877 902/4878
f 914/4879 902/4880 903/4881
f 915/4882 914/4883 903/4884
f 915/4885 903/4886 904/4887
f 916/4888 915/4889 904/4890
f 916/4891 904/4892 905/4893
f 917/4894 916/4895 905/4896
f 917/4897 905/4898 906/4899
f 918/4900 917/4901 906/4902
f 918/4903 906/4904 907/4905
f 919/4906 918/4907 907/4908
f 919/4909 907/4910 920/4911
f 907/4912 908/4913 920/4914
f 920/4915 908/4916 921/4917
f 908/4918 909/4919 921/4920
f 921/4921 909/4922 922/4923
f 909/4924 910/4925 922/4926
f 922/4927 910/4928 923/4929
f 910/4930 911/4931 923/4932
f 923/4933 911/4934 924/4935
f 911/4936 912/4937 924/4938
f 924/4939 912/4940 913/4941
f 912/4942 901/4943 913/4944
f 925/4945 913/4946 914/4947
f 926/4948 925/4949 914/4950
f 926/4951 914/4952 915/4953
f 927/4954 926/4955 915/4956
f 927/4957 915/4958 916/4959
f 928/4960 927/4961 916/4962
f 928/4963 916/4964 917/4965
f 929/4966 928/4967 917/4968
f 929/4969 917/4970 918/4971
f 930/4972 929/4973 918/4974
f 930/4975 918/4976 919/4977
f 931/4978 930/4979 919/4980
f 931/4981 919/4982 932/4983
f 919/4984 920/4985 932/4986
f 932/4987 920/4988 933/4989
f 920/4990 921/4991 933/4992
f 933/4993 921/4994 934/4995
f 921/4996 922/4997 934/4998
f 934/4999 922/5000 935/5001
f 922/5002 923/5003 935/5004
f 935/5005 923/5006 936/5007
f 923/5008 924/5009 936/5010
f 936/5011 924/5012 925/5013
f 924/5014 913/5015 925/5016
f 949/5017 937/5018 938/5019
f 950/5020 949/5021 938/5022
f 950/5023 938/5024 939/5025
f 951/5026 950/5027 939/5028
f 951/5029 939/5030 940/5031
f 952/5032 951/5033 940/5034
f 952/5035 940/5036 941/5037
f 953/5038 952/5039 941/5040
f 953/5041 941/5042 942/5043
f 954/5044 953/5045 942/5046
f 954/5047 942/5048 943/5049
f 955/5050 954/5051 943/5052
f 955/5053 943/5054 956/5055
f 943/5056 944/5057 956/5058
f 956/5059 944/5060 957/5061
f 944/5062 945/5063 957/5064
f 957/5065 945/5066 958/5067
f 945/5068 946/5069 958/5070
f 958/5071 946/5072 959/5073
f 946/5074 947/5075 959/5076
f 959/5077 947/5078 960/5079
f 947/5080 948/5081 960/5082
f 960/5083 948/5084 949/5085
f 948/5086 937/5087 949/5088
f 961/5089 949/5090 950/5091
f 962/5092 961/5093 950/5094
f 962/5095 950/5096 951/5097
f 963/5098 962/5099 951/5100
f 963/5101 951/5102 952/5103
f 964/5104 963/5105 952/5106
f 964/5107 952/5108 953/5109
f 965/5110 964/5111 953/5112
f 965/5113 953/5114 954/5115
f 966/5116 965/5117 954/5118
f 966/5119 954/5120 955/5121
f 967/5122 966/5123 955/5124
f 967/5125 955/5126 968/5127
f 955/5128 956/5129 968/5130
f 968/5131 956/5132 969/5133
f 956/5134 957/5135 969/5136
f 969/5137 957/5138 970/5139
f 957/5140 958/5141 970/5142
f 970/5143 958/5144 971/5145
f 958/5146 959/5147 971/5148
f 971/5149 959/5150 972/5151
f 959/5152 960/5153 972/5154
f 972/5155 960/5156 961/5157
f 960/5158 949/5159 961/5160
f 973/5161 961/5162 962/5163
f 974/5164 973/5165 962/5166
f 974/5167 962/5168 963/5169
f 975/5170 974/5171 963/5172
f 975/5173 963/5174 964/5175
f 976/5176 975/5177 964/5178
f 976/5179 964/5180 965/5181
f 977/5182 976/5183 965/5184
f 977/5185 965/5186 966/5187
f 978/5188 977/5189 966/5190
f 978/5191 966/5192 967/5193
f 979/5194 978/5195 967/5196
f 979/5197 967/5198 980/5199
f 967/5200 968/5201 980/5202
f 980/5203 968/5204 981/5205
f 968/5206 969/5207 981/5208
f 981/5209 969/5210 982/5211
f 969/5212 970/5213 982/5214
f 982/5215 970/5216 983/5217
f 970/5218 971/5219 983/5220
f 983/5221 971/5222 984/5223
f 971/5224 972/5225 984/5226
f 984/5227 972/5228 973/5229
f 972/5230 961/5231 973/5232
f 985/5233 973/5234 974/5235
f 986/5236 985/5237 974/5238
f 986/5239 974/5240 975/5241
f 987/5242 986/5243 975/5244
f 987/5245 975/5246 976/5247
f 988/5248 987/5249 976/5250
f 988/5251 976/5252 977/5253
f 989/5254 988/5255 977/5256
f 989/5257 977/5258 978/5259
f 990/5260 989/5261 978/5262
f 990/5263 978/5264 979/5265
f 991/5266 990/5267 979/5268
f 991/5269 979/5270 992/5271
f 979/5272 980/5273 992/5274
f 992/5275 980/5276 993/5277
f 980/5278 981/5279 993/5280
f 993/5281 981/5282 994/5283
f 981/5284 982/5285 994/5286
f 994/5287 982/5288 995/5289
f 982/5290 983/5291 995/5292
f 995/5293 983/5294 996/5295
f 983/5296 984/5297 996/5298
f 996/5299 984/5300 985/5301
f 984/5302 973/5303 985/5304
f 997/5305 985/5306 986/5307
f 998/5308 997/5309 986/5310
f 998/5311 986/5312 987/5313
f 999/5314 998/5315 987/5316
f 999/5317 987/5318 988/5319
f 1000/5320 999/5321 988/5322
f 1000/5323 988/5324 989/5325
f 1001/5326 1000/5327 989/5328
f 1001/5329 989/5330 990/5331
f 1002/5332 1001/5333 990/5334
f 1002/5335 990/5336 991/5337
f 1003/5338 1002/5339 991/5340
f 1003/5341 991/5342 1004/5343
f 991/5344 992/5345 1004/5346
f 1004/5347 992/5348 1005/5349
f 992/5350 993/5351 1005/5352
f 1005/5353 993/5354 1006/5355
f 993/5356 994/5357 1006/5358
f 1006/5359 994/5360 1007/5361
f 994/5362 995/5363 1007/5364
f 1007/5365 995/5366 1008/5367
f 995/5368 996/5369 1008/5370
f 1008/5371 996/5372 997/5373
f 996/5374 985/5375 997/5376
f 1009/5377 997/5378 998/5379
f 1010/5380 1009/5381 998/5382
f 1010/5383 998/5384 999/5385
f 1011/5386 1010/5387 999/5388
f 1011/5389 999/5390 1000/5391
f 1012/5392 1011/5393 1000/5394
f 1012/5395 1000/5396 1001/5397
f 1013/5398 1012/5399 1001/5400
f 1013/5401 1001/5402 1002/5403
f 1014/5404 1013/5405 1002/5406
f 1014/5407 1002/5408 1003/5409
f 1015/5410 1014/5411 1003/5412
f 1015/5413 1003/5414 1016/5415
f 1003/5416 1004/5417 1016/5418
f 1016/5419 1004/5420 1017/5421
f 1004/5422 1005/5423 1017/5424
f 1017/5425 1005/5426 1018/5427
f 1005/5428 1006/5429 1018/5430
f 1018/5431 1006/5432 1019/5433
f 1006/5434 1007/5435 1019/5436
f 1019/5437 1007/5438 1020/5439
f 1007/5440 1008/5441 1020/5442
f 1020/5443 1008/5444 1009/5445
f 1008/5446 997/5447 1009/5448
f 1021/5449 1009/5450 1010/5451
f 1022/5452 1021/5453 1010/5454
f 1022/5455 1010/5456 1011/5457
f 1023/5458 1022/5459 1011/5460
f 1023/5461 1011/5462 1012/5463
f 1024/5464 1023/5465 1012/5466
f 1024/5467 1012/5468 1013/5469
f 1025/5470 1024/5471 1013/5472
f 1025/5473 1013/5474 1014/5475
f 1026/5476 1025/5477 1014/5478
f 1026/5479 1014/5480 1015/5481
f 1027/5482 1026/5483 1015/5484
f 1027/5485 1015/5486 1028/5487
f 1015/5488 1016/5489 1028/5490
f 1028/5491 1016/5492 1029/5493
f 1016/5494 1017/5495 1029/5496
f 1029/5497 1017/5498 1030/5499
f 1017/5500 1018/5501 1030/5502
f 1030/5503 1018/5504 1031/5505
f 1018/5506 1019/5507 1031/5508
f 1031/5509 1019/5510 1032/5511
f 1019/5512 1020/5513 1032/5514
f 1032/5515 1020/5516 1021/5517
f 1020/5518 1009/5519 1021/5520
f 1033/5521 1021/5522 1022/5523
f 1034/5524 1033/5525 1022/5526
f 1034/5527 1022/5528 1023/5529
f 1035/5530 1034/5531 1023/5532
f 1035/5533 1023/5534 1024/5535
f 1036/5536 1035/5537 1024/5538
f 1036/5539 1024/5540 1025/5541
f 1037/5542 1036/5543 1025/5544
f 1037/5545 1025/5546 1026/5547
f 1038/5548 1037/5549 1026/5550
f 1038/5551 1026/5552 1027/5553
f 1039/5554 1038/5555 1027/5556
f 1039/5557 1027/5558 1040/5559
f 1027/5560 1028/5561 1040/5562
f 1040/5563 1028/5564 1041/5565
f 1028/5566 1029/5567 1041/5568
f 1041/5569 1029/5570 1042/5571
f 1029/5572 1030/5573 1042/5574
f 1042/5575 1030/5576 1043/5577
f 1030/5578 1031/5579 1043/5580
f 1043/5581 1031/5582 1044/5583
f 1031/5584 1032/5585 1044/5586
f 1044/5587 1032/5588 1033/5589
f 1032/5590 1021/5591 1033/5592
f 1045/5593 1033/5594 1034/5595
f 1046/5596 1045/5597 1034/5598
f 1046/5599 1034/5600 1035/5601
f 1047/5602 1046/5603 1035/5604
f 1047/5605 1035/5606 1036/5607
f 1048/5608 1047/5609 1036/5610
f 1048/5611 1036/5612 1037/5613
f 1049/5614 1048/5615 1037/5616
f 1049/5617 1037/5618 1038/5619
f 1050/5620 1049/5621 1038/5622
f 1050/5623 1038/5624 1039/5625
f 1051/5626 1050/5627 1039/5628
f 1051/5629 1039/5630 1052/5631
f 1039/5632 1040/5633 1052/5634
f 1052/5635 1040/5636 1053/5637
f 1040/5638 1041/5639 1053/5640
f 1053/5641 1041/5642 1054/5643
f 1041/5644 1042/5645 1054/5646
f 1054/5647 1042/5648 1055/5649
f 1042/5650 1043/5651 1055/5652
f 1055/5653 1043/5654 1056/5655
f 1043/5656 1044/5657 1056/5658
f 1056/5659 1044/5660 1045/5661
f 1044/5662 1033/5663 1045/5664
f 1057/5665 1045/5666 1046/5667
f 1058/5668 1057/5669 1046/5670
f 1058/5671 1046/5672 1047/5673
f 1059/5674 1058/5675 1047/5676
f 1059/5677 1047/5678 1048/5679
f 1060/5680 1059/5681 1048/5682
f 1060/5683 1048/5684 1049/5685
f 1061/5686 1060/5687 1049/5688
f 1061/5689 1049/5690 1050/5691
f 1062/5692 1061/5693 1050/5694
f 1062/5695 1050/5696 1051/5697
f 1063/5698 1062/5699 1051/5700
f 1063/5701 1051/5702 1064/5703
f 1051/5704 1052/5705 1064/5706
f 1064/5707 1052/5708 1065/5709
f 1052/5710 1053/5711 1065/5712
f 1065/5713 1053/5714 1066/5715
f 1053/5716 1054/5717 1066/5718
f 1066/5719 1054/5720 1067/5721
f 1054/5722 1055/5723 1067/5724
f 1067/5725 1055/5726 1068/5727
f 1055/5728 1056/5729 1068/5730
f 1068/5731 1056/5732 1057/5733
f 1056/5734 1045/5735 1057/5736
f 1069/5737 1057/5738 1058/5739
f 1070/5740 1069/5741 1058/5742
f 1070/5743 1058/5744 1059/5745
f 1071/5746 1070/5747 1059/5748
f 1071/5749 1059/5750 1060/5751
f 1072/5752 1071/5753 1060/5754
f 1072/5755 1060/5756 1061/5757
f 1073/5758 1072/5759 1061/5760
f 1073/5761 1061/5762 1062/5763
f 1074/5764 1073/5765 1062/5766
f 1074/5767 1062/5768 1063/5769
f 1075/5770 1074/5771 1063/5772
f 1075/5773 1063/5774 1076/5775
f 1063/5776 1064/5777 1076/5778
f 1076/5779 1064/5780 1077/5781
f 1064/5782 1065/5783 1077/5784
f 1077/5785 1065/5786 1078/5787
f 1065/5788 1066/5789 1078/5790
f 1078/5791 1066/5792 1079/5793
f 1066/5794 1067/5795 1079/5796
f 1079/5797 1067/5798 1080/5799
f 1067/5800 1068/5801 1080/5802
f 1080/5803 1068/5804 1069/5805
f 1068/5806 1057/5807 1069/5808
f 1093/5809 1081/5810 1082/5811
f 1094/5812 1093/5813 1082/5814
f 1094/5815 1082/5816 1083/5817
f 1095/5818 1094/5819 1083/5820
f 1095/5821 1083/5822 1084/5823
f 1096/5824 1095/5825 1084/5826
f 1096/5827 1084/5828 1085/5829
f 1097/5830 1096/5831 1085/5832
f 1097/5833 1085/5834 1086/5835
f 1098/5836 1097/5837 1086/5838
f 1098/5839 1086/5840 1087/5841
f 1099/5842 1098/5843 1087/5844
f 1099/5845 1087/5846 1100/5847
f 1087/5848 1088/5849 1100/5850
f 1100/5851 1088/5852 1101/5853
f 1088/5854 1089/5855 1101/5856
f 1101/5857 1089/5858 1102/5859
f 1089/5860 1090/5861 1102/5862
f 1102/5863 1090/5864 1103/5865
f 1090/5866 1091/5867 1103/5868
f 1103/5869 1091/5870 1104/5871
f 1091/5872 1092/5873 1104/5874
f 1104/5875 1092/5876 1093/5877
f 1092/5878 1081/5879 1093/5880
f 1105/5881 1093/5882 1094/5883
f 1106/5884 1105/5885 1094/5886
f 1106/5887 1094/5888 1095/5889
f 1107/5890 1106/5891 1095/5892
f 1107/5893 1095/5894 1096/5895
f 1108/5896 1107/5897 1096/5898
f 1108/5899 1096/5900 1097/5901
f 1109/5902 1108/5903 1097/5904
f 1109/5905 1097/5906 1098/5907
f 1110/5908 1109/5909 1098/5910
f 1110/5911 1098/5912 1099/5913
f 1111/5914 1110/5915 1099/5916
f 1111/5917 1099/5918 1112/5919
f 1099/5920 1100/5921 1112/5922
f 1112/5923 1100/5924 1113/5925
f 1100/5926 1101/5927 1113/5928
f 1113/5929 1101/5930 1114/5931
f 1101/5932 1102/5933 1114/5934
f 1114/5935 1102/5936 1115/5937
f 1102/5938 1103/5939 1115/5940
f 1115/5941 1103/5942 1116/5943
f 1103/5944 1104/5945 1116/5946
f 1116/5947 1104/5948 1105/5949
f 1104/5950 1093/5951 1105/5952
f 1117/5953 1105/5954 1106/5955
f 1118/5956 1117/5957 1106/5958
f 1118/5959 1106/5960 1107/5961
f 1119/5962 1118/5963 1107/5964
f 1119/5965 1107/5966 1108/5967
f 1120/5968 1119/5969 1108/5970
f 1120/5971 1108/5972 1109/5973
f 1121/5974 1120/5975 1109/5976
f 1121/5977 1109/5978 1110/5979
f 1122/5980 1121/5981 1110/5982
f 1122/5983 1110/5984 1111/5985
f 1123/5986 1122/5987 1111/5988
f 1123/5989 1111/5990 1124/5991
f 1111/5992 1112/5993 1124/5994
f 1124/5995 1112/5996 1125/5997
f 1112/5998 1113/5999 1125/6000
f 1125/6001 1113/6002 1126/6003
f 1113/6004 1114/6005 1126/6006
f 1126/6007 1114/6008 1127/6009
f 1114/6010 1115/6011 1127/6012
f 1127/6013 1115/6014 1128/6015
f 1115/6016 1116/6017 1128/6018
f 1128/6019 1116/6020 1117/6021
f 1116/6022 1105/6023 1117/6024
f 1129/6025 1117/6026 1118/6027
f 1130/6028 1129/6029 1118/6030
f 1130/6031 1118/6032 1119/6033
f 1131/6034 1130/6035 1119/6036
f 1131/6037 1119/6038 1120/6039
f 1132/6040 1131/6041 1120/6042
f 1132/6043 1120/6044 1121/6045
f 1133/6046 1132/6047 1121/6048
f 1133/6049 1121/6050 1122/6051
f 1134/6052 1133/6053 1122/6054
f 1134/6055 1122/6056 1123/6057
f 1135/6058 1134/6059 1123/6060
f 1135/6061 1123/6062 1136/6063
f 1123/6064 1124/6065 1136/6066
f 1136/6067 1124/6068 1137/6069
f 1124/6070 1125/6071 1137/6072
f 1137/6073 1125/6074 1138/6075
f 1125/6076 1126/6077 1138/6078
f 1138/6079 1126/6080 1139/6081
f 1126/6082 1127/6083 1139/6084
f 1139/6085 1127/6086 1140/6087
f 1127/6088 1128/6089 1140/6090
f 1140/6091 1128/6092 1129/6093
f 1128/6094 1117/6095 1129/6096
f 1141/6097 1129/6098 1130/6099
f 1142/6100 1141/6101 1130/6102
f 1142/6103 1130/6104 1131/6105
f 1143/6106 1142/6107 1131/6108
f 1143/6109 1131/6110 1132/6111
f 1144/6112 1143/6113 1132/6114
f 1144/6115 1132/6116 1133/6117
f 1145/6118 1144/6119 1133/6120
f 1145/6121 1133/6122 1134/6123
f 1146/6124 1145/6125 1134/6126
f 1146/6127 1134/6128 1135/6129
f 1147/6130 1146/6131 1135/6132
f 1147/6133 1135/6134 1148/6135
f 1135/6136 1136/6137 1148/6138
f 1148/6139 1136/6140 1149/6141
f 1136/6142 1137/6143 1149/6144
f 1149/6145 1137/6146 1150/6147
f 1137/6148 1138/6149 1150/6150
f 1150/6151 1138/6152 1151/6153
f 1138/6154 1139/6155 1151/6156
f 1151/6157 1139/6158 1152/6159
f 1139/6160 1140/6161 1152/6162
f 1152/6163 1140/6164 1141/6165
f 1140/6166 1129/6167 1141/6168
f 1153/6169 1141/6170 1142/6171
f 1154/6172 1153/6173 1142/6174
f 1154/6175 1142/6176 1143/6177
f 1155/6178 1154/6179 1143/6180
f 1155/6181 1143/6182 1144/6183
f 1156/6184 1155/6185 1144/6186
f 1156/6187 1144/6188 1145/6189
f 1157/6190 1156/6191 1145/6192
f 1157/6193 1145/6194 1146/6195
f 1158/6196 1157/6197 1146/6198
f 1158/6199 1146/6200 1147/6201
f 1159/6202 1158/6203 1147/6204
f 1159/6205 1147/6206 1160/6207
f 1147/6208 1148/6209 1160/6210
f 1160/6211 1148/6212 1161/6213
f 1148/6214 1149/6215 1161/6216
f 1161/6217 1149/6218 1162/6219
f 1149/6220 1150/6221 1162/6222
f 1162/6223 1150/6224 1163/6225
f 1150/6226 1151/6227 1163/6228
f 1163/6229 1151/6230 1164/6231
f 1151/6232 1152/6233 1164/6234
f 1164/6235 1152/6236 1153/6237
f 1152/6238 1141/6239 1153/6240
f 1165/6241 1153/6242 1154/6243
f 1166/6244 1165/6245 1154/6246
f 1166/6247 1154/6248 1155/6249
f 1167/6250 1166/6251 1155/6252
f 1167/6253 1155/6254 1156/6255
f 1168/6256 1167/6257 1156/6258
f 1168/6259 1156/6260 1157/6261
f 1169/6262 1168/6263 1157/6264
f 1169/6265 1157/6266 1158/6267
f 1170/6268 1169/6269 1158/6270
f 1170/6271 1158/6272 1159/6273
f 1171/6274 1170/6275 1159/6276
f 1171/6277 1159/6278 1172/6279
f 1159/6280 1160/6281 1172/6282
f 1172/6283 1160/6284 1173/6285
f 1160/6286 1161/6287 1173/6288
f 1173/6289 1161/6290 1174/6291
f 1161/6292 1162/6293 1174/6294
f 1174/6295 1162/6296 1175/6297
f 1162/6298 1163/6299 1175/6300
f 1175/6301 1163/6302 1176/6303
f 1163/6304 1164/6305 1176/6306
f 1176/6307 1164/6308 1165/6309
f 1164/6310 1153/6311 1165/6312
f 1177/6313 1165/6314 1166/6315
f 1178/6316 1177/6317 1166/6318
f 1178/6319 1166/6320 1167/6321
f 1179/6322 1178/6323 1167/6324
f 1179/6325 1167/6326 1168/6327
f 1180/6328 1179/6329 1168/6330
f 1180/6331 1168/6332 1169/6333
f 1181/6334 1180/6335 1169/6336
f 1181/6337 1169/6338 1170/6339
f 1182/6340 1181/6341 1170/6342
f 1182/6343 1170/6344 1171/6345
f 1183/6346 1182/6347 1171/6348
f 1183/6349 1171/6350 1184/6351
f 1171/6352 1172/6353 1184/6354
f 1184/6355 1172/6356 1185/6357
f 1172/6358 1173/6359 1185/6360
f 1185/6361 1173/6362 1186/6363
f 1173/6364 1174/6365 1186/6366
f 1186/6367 1174/6368 1187/6369
f 1174/6370 1175/6371 1187/6372
f 1187/6373 1175/6374 1188/6375
f 1175/6376 1176/6377 1188/6378
f 1188/6379 1176/6380 1177/6381
f 1176/6382 1165/6383 1177/6384
f 1189/6385 1177/6386 1178/6387
f 1190/6388 1189/6389 1178/6390
f 1190/6391 1178/6392 1179/6393
f 1191/6394 1190/6395 1179/6396
f 1191/6397 1179/6398 1180/6399
f 1192/6400 1191/6401 1180/6402
f 1192/6403 1180/6404 1181/6405
f 1193/6406 1192/6407 1181/6408
f 1193/6409 1181/6410 1182/6411
f 1194/6412 1193/6413 1182/6414
f 1194/6415 1182/6416 1183/6417
f 1195/6418 1194/6419 1183/6420
f 1195/6421 1183/6422 1196/6423
f 1183/6424 1184/6425 1196/6426
f 1196/6427 1184/6428 1197/6429
f 1184/6430 1185/6431 1197/6432
f 1197/6433 1185/6434 1198/6435
f 1185/6436 1186/6437 1198/6438
f 1198/6439 1186/6440 1199/6441
f 1186/6442 1187/6443 1199/6444
f 1199/6445 1187/6446 1200/6447
f 1187/6448 1188/6449 1200/6450
f 1200/6451 1188/6452 1189/6453
f 1188/6454 1177/6455 1189/6456
f 1201/6457 1189/6458 1190/6459
f 1202/6460 1201/6461 1190/6462
f 1202/6463 1190/6464 1191/6465
f 1203/6466 1202/6467 1191/6468
f 1203/6469 1191/6470 1192/6471
f 1204/6472 1203/6473 1192/6474
f 1204/6475 1192/6476 1193/6477
f 1205/6478 1204/6479 1193/6480
f 1205/6481 1193/6482 1194/6483
f 1206/6484 1205/6485 1194/6486
f 1206/6487 1194/6488 1195/6489
f 1207/6490 1206/6491 1195/6492
f 1207/6493 1195/6494 1208/6495
f 1195/6496 1196/6497 1208/6498
f 1208/6499 1196/6500 1209/6501
f 1196/6502 1197/6503 1209/6504
f 1209/6505 1197/6506 1210/6507
f 1197/6508 1198/6509 1210/6510
f 1210/6511 1198/6512 1211/6513
f 1198/6514 1199/6515 1211/6516
f 1211/6517 1199/6518 1212/6519
f 1199/6520 1200/6521 1212/6522
f 1212/6523 1200/6524 1201/6525
f 1200/6526 1189/6527 1201/6528
f 1213/6529 1201/6530 1202/6531
f 1214/6532 1213/6533 1202/6534
f 1214/6535 1202/6536 1203/6537
f 1215/6538 1214/6539 1203/6540
f 1215/6541 1203/6542 1204/6543
f 1216/6544 1215/6545 1204/6546
f 1216/6547 1204/6548 1205/6549
f 1217/6550 1216/6551 1205/6552
f 1217/6553 1205/6554 1206/6555
f 1218/6556 1217/6557 1206/6558
f 1218/6559 1206/6560 1207/6561
f 1219/6562 1218/6563 1207/6564
f 1219/6565 1207/6566 1220/6567
f 1207/6568 1208/6569 1220/6570
f 1220/6571 1208/6572 1221/6573
f 1208/6574 1209/6575 1221/6576
f 1221/6577 1209/6578 1222/6579
f 1209/6580 1210/6581 1222/6582
f 1222/6583 1210/6584 1223/6585
f 1210/6586 1211/6587 1223/6588
f 1223/6589 1211/6590 1224/6591
f 1211/6592 1212/6593 1224/6594
f 1224/6595 1212/6596 1213/6597
f 1212/6598 1201/6599 1213/6600
